Word,Frequency
client,5555
geyser,3806
covered,2439
r280,2223
r2000,2154
_x000d_,2140
excess,1871
r600,1726
leaking,1724
called,1485
r,1431
the,1306
burst,1252
reported,1064
report,1018
parts,884
litre,842
pipe,794
cover,747
if,700
heating,696
drain,676
be,642
advised,617
blocked,606
first,593
broker,575
water,546
up,532
repairs,520
cost,500
south,477
00,468
possible,463
95_x000d_,443
quote,437
liable,434
clients,424
there,418
leak,406
bill,401
no,385
replacement,373
unit,372
to,362
call,360
please,352
africa,350
needs,346
street,335
toilet,334
sp,331
10,314
1,309
out,302
said,293
exceeds,288
and,282
a,278
repair,274
assistance,261
are,256
r600_x000d_,252
mr,246
reporting,244
limit,243
11,241
250,234
needed,229
assist,222
tap,219
callout,212
advise,208
labor,206
will,206
only,203
location,202
mrs,190
r900,188
labour,187
for,185
200,184
50,183
faulty,183
required,182
150,181
100,179
should,176
1st,174
is,174
amount,173
not,171
plumber,170
can,168
13,166
send,163
event,161
pay_x000d_,160
was,157
damage,156
solar,156
20,155
visible,152
road,150
vat,150
1750,147
280,147
tripping,147
insurance,146
claims,145
payable,144
claim,143
pay,143
600,142
193,141
714,141
774,141
own,140
640,139
period,139
00_x000d_,138
261,138
2000,136
any,136
estate,136
parts_x000d_,135
contact,131
ceiling,127
95,124
bathroom,124
minus,124
concealed,123
provider,123
replaced,123
service,123
may,122
geysers,120
one,120
costs,119
hot,119
avenue,118
limits,118
park,118
taps,118
coming,115
fee,113
45_x000d_,112
have,112
r1500,111
pretoria,108
including,107
subject,107
when,106
address,105
quotation,105
valve,105
paid,104
machine,103
roof,103
exceed,102
detection,101
kitchen,101
santam,101
confirmed,100
hour,100
account,99
case,99
africa_x000d_,97
number,97
excluding,96
proceed,96
s,96
co,95
requested,94
maximum,93
review,93
commencing,92
inception,92
monthly,92
policies,92
psg,92
in,91
150l,89
cover_x000d_,89
replace,89
building,88
with,88
200l,87
excesses_x000d_,87
date_x000d_,86
that,86
2,85
components,84
need,84
12,83
cape,82
he,82
100l,81
hours,81
replacements,79
applicable,78
repaired,77
urgent,77
0114892000,75
sent,74
r8250,73
shower,73
electricity,72
has,72
1500_x000d_,71
pressure,71
use,71
town,70
r10,68
system,68
5,66
include,66
policy,66
back,65
related,65
from,64
r1,64
st,64
we,63
of,62
go,61
new,60
pipes,60
r1000,60
ref,60
za,60
000,59
non,59
does,58
van,58
possibly,57
repairable,57
wall,57
kp,56
terms,56
then,56
warranty,55
element,54
house,54
component,53
installation,53
r10120,53
would,53
750,52
months,52
rand,52
14,51
king,51
real,51
sink,51
8,50
extended,50
extension,50
seven,50
specialist,50
sure,50
thousand,50
wording,50
com,49
fifty,49
hundred,49
schedule,49
working,49
15,48
25_x000d_,48
3,48
centurion,48
log,48
plumbing,48
r9,48
request,48
provide,47
size,47
annual,46
appointed,46
calendar,46
come,46
defined,46
eezi,46
johannesburg,46
lodged,46
otherwise,46
price,46
remaining,46
6,45
70_x000d_,45
application,45
appoint,45
drive,45
email,45
gmail,45
mobile,45
panic,45
power,45
and_x000d_,44
it,44
off,44
owner,44
second,44
tenant,44
valves,44
dr,43
stated_x000d_,43
asked,42
b,42
excl,42
invoice,42
clc,41
do,41
note,41
roodepoort,41
teh,41
electrical,40
rd,40
0120010900,39
21,39
250_x000d_,39
also,39
issue,39
45,38
basin,38
compile,38
risk,38
like,37
overflow,37
pump,37
thermostat,37
7,36
ahead,36
ave,36
forward,36
gas,36
logged,36
property,36
r250,36
she,36
where,36
incl,35
so,35
well,35
1500,34
2023,34
as,34
been,34
crescent,34
tradesman,34
4,33
500,33
authorization,33
more,33
plumbers,33
randburg,33
reference,33
za_x000d_,33
but,32
heat,32
9,31
all,31
had,31
krugersdorp,31
main,31
rods,31
complex,30
supreme,30
18,29
28,29
assisted,29
drq,29
overflowing,29
25,28
40,28
agent,28
already,28
assitance,28
boksburg,28
tomorrow,28
two,28
an,27
confirm,27
done,27
excess_x000d_,27
this,27
broken,26
brokers,26
mixer,26
must,26
north,26
r2,26
used,26
579,25
his,25
other,25
they,25
139,24
24,24
250l,24
324,24
assess,24
her,24
see,24
theres,24
494,23
533,23
57_x000d_,23
609,23
681,23
flushing,23
keeps,23
now,23
on,23
running,23
went,23
wo,23
07,22
16,22
17,22
50l,22
620,22
704,22
75_x000d_,22
790,22
bianca,22
glen,22
home,22
morning,22
quote_x000d_,22
r18,22
re,22
sandton,22
someone,22
wants,22
13_x000d_,21
15_x000d_,21
22_x000d_,21
27,21
31,21
available,21
cold,21
de,21
doesnt,21
going,21
good,21
min,21
2000_x000d_,20
2nd,20
ah,20
arrange,20
at,20
automatic,20
average,20
cash,20
close,20
damages,20
i,20
inc,20
just,20
might,20
noise,20
r500,20
spoke,20
toilets,20
0218535213,19
22,19
area,19
body,19
comeback,19
der,19
low,19
making,19
photos,19
problem,19
replacements_x000d_,19
still,19
thats,19
us,19
vat_x000d_,19
19,18
27570500081,18
add,18
board,18
cornel,18
could,18
db,18
ex,18
found,18
getting,18
johan,18
made,18
stolen,18
switch,18
systems_x000d_,18
vacuum,18
view,18
1198,17
27215950250,17
able,17
cock,17
esb,17
gratia,17
high,17
less,17
manager,17
open,17
pretoria_x000d_,17
resultant,17
safety,17
these,17
within,17
0120018342,16
30,16
41,16
ago,16
ambiton,16
day,16
down,16
ext,16
gqeberha,16
means,16
meter,16
o,16
or,16
panels,16
place,16
ridge,16
says,16
too,16
underground,16
valid,16
were,16
work,16
23,15
again,15
carol,15
cc,15
connected,15
country,15
electrician,15
garden,15
installed,15
mechanism,15
naidoo,15
payment,15
unathi,15
27415817170,14
37,14
alberton,14
authorisation,14
dripping,14
due,14
excesses,14
ltd,14
outlet,14
pty,14
r575,14
required_x000d_,14
27121104420,13
27126790000,13
33,13
anton,13
benoni,13
c,13
copper,13
damaged,13
felix,13
gardens,13
germiston,13
hi,13
hills,13
imbursement,13
joni,13
part,13
person,13
prv,13
pumps,13
r2500,13
r280_x000d_,13
r900_x000d_,13
reimbursement,13
valda,13
washing,13
0127403300,12
26,12
32,12
39,12
51,12
amanda,12
another,12
being,12
block,12
burger,12
cca,12
george,12
gushing,12
increased,12
judy,12
kempton,12
kind,12
monday,12
office,12
port,12
r1720,12
read,12
regarding,12
requesting,12
same,12
stop,12
tp,12
warming,12
welkom,12
wendy,12
west,12
wife,12
11_x000d_,11
27124705400,11
35,11
44,11
48,11
900,11
bath,11
booking,11
both,11
cec,11
declaration,11
dont,11
flooded,11
get,11
got,11
heights,11
however,11
kindly,11
kingprice,11
know,11
machines,11
next,11
origin,11
properly,11
r1705,11
scheme,11
seems,11
site,11
standard,11
trust,11
under,11
using,11
value,11
warm,11
0,10
0738552221,10
08,10
1hr,10
27227191111,10
34,10
49,10
53,10
54,10
applicable_x000d_,10
bay,10
beach,10
breakers,10
brown,10
came,10
christine,10
details,10
east,10
excessed,10
geyser_x000d_,10
hill,10
informed,10
inlet,10
kimberley,10
lee,10
lt,10
make,10
manor,10
midrand,10
pillay,10
pk,10
policy_x000d_,10
pool,10
reducing,10
revert,10
rustenburg,10
since,10
specialized,10
thinks,10
tisetso,10
today,10
yard,10
yesterday,10
0128818068,9
2500_x000d_,9
350,9
36,9
52,9
75,9
advising,9
afterwards,9
akasia,9
apply,9
appointment,9
arrangements,9
assessment,9
broke,9
care,9
causing,9
combination,9
construction,9
contacted,9
corp,9
corporate,9
department,9
dewedrop,9
did,9
du,9
eb,9
eldoraigne,9
funny,9
gasket,9
hr,9
isolating,9
jan,9
kruger,9
lane,9
last,9
legacy,9
loose,9
mains,9
managing,9
michelle,9
order,9
paving,9
process,9
protea,9
relief,9
rooihuiskraal,9
say,9
saying,9
tiles,9
town_x000d_,9
very,9
want,9
way,9
which,9
0113621496,8
0126654243,8
0157,8
101,8
27113916554,8
27125462900,8
350_x000d_,8
38,8
42,8
46,8
47,8
albert,8
anti,8
associated,8
authorise,8
batteries,8
berry,8
botha,8
by,8
centurion_x000d_,8
check,8
circulating,8
components_x000d_,8
consisting,8
controllers,8
date,8
dedicated,8
deferential,8
detection_x000d_,8
devices,8
diffuser,8
drains,8
durban,8
equipment,8
fix,8
flat,8
float,8
flowing,8
freeze,8
friday,8
galvanized,8
gobeni,8
golf,8
ground,8
having,8
inform,8
isnt,8
issues,8
jackie,8
job,8
khwezi,8
maount,8
marie,8
marius,8
merwe,8
moreleta,8
name,8
normal,8
over,8
photovoltaic,8
pushing,8
regards,8
similar,8
sorita,8
team,8
tempering,8
thermostatic,8
thoko,8
thus,8
transfered,8
trips,8
twin,8
valley,8
valves_x000d_,8
waterkloof,8
05,7
1724,7
18_x000d_,7
27114892000,7
27115372400,7
27129905000,7
27573523823,7
27823958127,7
29,7
400,7
96,7
alida,7
anne,7
attached,7
brakpan,7
breaker,7
brolink,7
chatsworth,7
clint,7
currently,7
doctor,7
edenvale,7
estimate,7
explained,7
exposed,7
fixed,7
forest,7
grobcon,7
guideline,7
hettie,7
him,7
insurer,7
isolate,7
its,7
jaco,7
kwikot,7
lebo,7
left,7
line,7
patricia,7
previous,7
r1130,7
r1500_x000d_,7
r750,7
randpark,7
river,7
sandra,7
schedules,7
sound,7
soweto,7
springs,7
stand,7
submit,7
supply,7
taking,7
temperature,7
them,7
through,7
turned,7
unable,7
unblock,7
villieria,7
wet,7
what,7
wit,7
wonderboom,7
wrong,7
0662582853,6
082,6
09,6
126,6
27112524670,6
27116606331,6
27129428680,6
27418167000,6
300,6
33_x000d_,6
43,6
500_x000d_,6
55,6
56,6
60,6
65,6
71,6
73,6
83,6
absa,6
adress,6
after,6
alt,6
alternative,6
am,6
angie,6
bedroom,6
beyers,6
blockage,6
bloemfontein,6
botsebotse,6
brenda,6
cannot,6
cant,6
cistern,6
com_x000d_,6
common,6
constantia,6
covered_x000d_,6
cres,6
day_x000d_,6
door,6
dumisani,6
electric,6
elizabeth,6
error,6
estelle,6
estimated,6
except,6
fault,6
fee_x000d_,6
fine,6
florida,6
flow,6
form,6
full,6
garsfontein,6
gauteng,6
gert,6
giving,6
grobler,6
head,6
helen,6
how,6
insured,6
ium,6
joubert,6
juanita,6
june,6
kyalami,6
lizette,6
longbeachvillage,6
maintenance,6
mandate,6
mark,6
message,6
middelburg,6
natalie,6
outside,6
phoenix,6
polite,6
polokwane,6
problems,6
qoute,6
r0,6
r1400,6
r7,6
r7500,6
r8000,6
randfontein,6
received,6
recently,6
registered,6
room,6
shut,6
smith,6
some,6
soshanguve,6
stopped,6
str,6
straat,6
streaming,6
t,6
tanya,6
tenants,6
than,6
thank,6
therefore,6
top,6
updated,6
values,6
valve_x000d_,6
vanessa,6
venter,6
village,6
year,6
yet,6
yvonne,6
000_x000d_,5
0127401727,5
0219811044,5
04,5
0448730735,5
0570500081,5
06,5
0_x000d_,5
1000,5
10am,5
114,5
121,5
142,5
1hour,5
27120034529,5
27123422205,5
27129430748,5
27413926900,5
27420110074,5
305,5
57,5
59,5
62,5
68,5
99,5
access,5
andries,5
annamarie,5
annemarie,5
anushka,5
anything,5
ask,5
auth,5
balance,5
banking,5
berg,5
blue,5
boipelo,5
bottom,5
bought,5
brink,5
chantel,5
charge,5
charged,5
cl,5
clienst,5
coc,5
confirmation,5
constantly,5
cove,5
david,5
die,5
discovered,5
discussed,5
doringkloof,5
en,5
estates,5
even,5
f,5
faerie,5
find,5
flush,5
free,5
gate,5
gets,5
govender,5
grove,5
hazel,5
hein,5
help,5
hybrid,5
impala,5
incident,5
ir,5
jeffreys,5
kananelo,5
kenmare,5
leading,5
lizelle,5
located,5
logging,5
long,5
macgreens,5
mandisa,5
matsatsi,5
melissa,5
meyerton,5
ms,5
much,5
nancy,5
nd,5
nest,5
noordheuwel,5
once,5
opened,5
opens,5
panorama,5
petro,5
phone,5
pierre,5
pieter,5
pop,5
posisble,5
pretorius,5
proof,5
put,5
queensburgh,5
quotes,5
r12,5
r2000for,5
r350,5
regards_x000d_,5
reimbursed,5
relation,5
rensburg,5
requires,5
return,5
roodekrans,5
roodepoort_x000d_,5
rubber,5
saturday,5
section,5
shaik,5
shane,5
sheik,5
simmer,5
something,5
soon,5
stellenbosch,5
suspects,5
take,5
taker,5
takes,5
test,5
toit,5
tracey,5
trip,5
unblocking,5
villa,5
walls,5
waste,5
weltevredenpark,5
willow,5
wont,5
x,5
yolanda,5
0114722190,4
0115372400,4
0129428680,4
0530500533,4
072,4
0769718236,4
0790799601,4
0860,4
106,4
10th,4
117,4
119,4
1459,4
1709,4
185,4
231,4
27116606694,4
27120018342,4
27121104423,4
27123474747,4
27129489350,4
27218701535,4
27530500533,4
27833579553,4
27846149400,4
386,4
3rd,4
560,4
600_x000d_,4
63,4
711,4
7130,4
72,4
744,4
76,4
80_x000d_,4
82,4
836,4
87,4
88,4
89,4
90,4
91,4
92,4
94,4
account_x000d_,4
additional,4
alot,4
anderson,4
applies,4
arrival,4
bathtub,4
bedford,4
belinda,4
benefit,4
bennie,4
bester,4
boulevard,4
brits,4
brokerage,4
bryanston,4
buren,4
card,4
caretaker,4
cathy,4
cause,4
cecilia,4
celeste,4
celling,4
cellphone,4
chai,4
charles,4
cleinst,4
client_x000d_,4
closed,4
club,4
comes,4
connection,4
corne,4
court,4
coverd,4
cynthia,4
daniel,4
daughter,4
dishwasher,4
drq_x000d_,4
dylan,4
elmarie,4
elton,4
emerald,4
engelbrecht,4
everything,4
extra,4
fees,4
fill,4
fitting,4
floor,4
follow,4
fourways,4
francois,4
garage,4
geberit,4
give,4
glenvista,4
goodwood,4
gqeberha_x000d_,4
ha,4
hester,4
horison,4
insure,4
irene,4
jean,4
justine,4
k,4
keep,4
kego,4
koos,4
la,4
lcient,4
le,4
leakage,4
lenasia,4
leslie,4
limits_x000d_,4
load,4
longer,4
look,4
lyttelton,4
manger,4
martha,4
marthinus,4
martin,4
maruis,4
melville,4
member,4
meyer,4
mikayla,4
moms,4
moodley,4
mount,4
mountain,4
moya,4
murrayfield,4
nadine,4
neded,4
newlands,4
nie,4
niekerk,4
northriding,4
nr,4
overheating,4
paarl,4
palm,4
panel,4
paul,4
pietermaritzburg,4
potchefstroom,4
premises,4
r1000_x000d_,4
r13,4
r5000,4
r600client,4
ray,4
refund,4
releasing,4
removed,4
rennie,4
resulting,4
retief,4
robert,4
rock,4
roux,4
salani,4
security,4
set,4
silver,4
singh,4
slow,4
somewhere,4
son,4
stated,4
stephen,4
street_x000d_,4
sunward,4
surita,4
switched,4
sylvia,4
tamia,4
taylor,4
terry,4
their,4
thuli,4
timer,4
told,4
toll,4
toni,4
tracy,4
tray,4
trustee,4
tshepo,4
tub,4
tumi,4
turn,4
upgrade,4
urgently,4
uys,4
virginia,4
vista,4
vuuren,4
walt,4
washer,4
wednesday,4
week,4
while,4
white,4
wilro,4
wise,4
wiseman,4
witbank,4
works,4
zelda,4
zonica,4
zyl,4
0100452062,3
0113948235,3
012,3
0127401700,3
0127401763,3
0155900244,3
0227191111,3
0573120001,3
05_x000d_,3
0608234425,3
0726146153,3
0727099875,3
0741190925,3
0820526933,3
0823139924,3
0827250608,3
0860505911,3
0860522522,3
087,3
0872366655,3
103,3
104,3
125,3
128,3
131,3
1425,3
146,3
1687,3
1705,3
175,3
2021,3
20_x000d_,3
219,3
22nd,3
2302,3
252,3
271,3
27101571550,3
27113621496,3
27113948235,3
27121104421,3
27121104422,3
27123434016,3
27123612211,3
27126730000,3
27127401745,3
27135914050,3
27530500536,3
27634417523,3
27724107904,3
27834670292,3
27848826552,3
321,3
360,3
366,3
37_x000d_,3
4051_x000d_,3
4th,3
550,3
58_x000d_,3
5_x000d_,3
5th,3
67_x000d_,3
69,3
70,3
74,3
7550,3
78,3
79,3
79_x000d_,3
80,3
80000,3
8018,3
8548,3
8th,3
918,3
93,3
9442,3
acres,3
adcock,3
adele,3
admin,3
afor,3
afternoon,3
alecia,3
alice,3
amy,3
anchun,3
andre,3
andrea,3
anesu,3
angelier,3
angelique,3
anna,3
antz,3
appear,3
approval,3
ashley,3
asking,3
assessed,3
assigned,3
assistnace,3
attend,3
attended,3
auckland,3
august,3
authorized,3
badly,3
bafana,3
bathurst,3
behalf,3
belvedere,3
berea,3
black,3
blind,3
borehole,3
boschendal,3
boundary,3
box,3
braam,3
brackendowns,3
bramley,3
brooklyn,3
burnt,3
buy,3
candice,3
caprice,3
chanel,3
charmaine,3
cleint,3
closing,3
code,3
collective,3
complaining,3
conceal,3
connie,3
continuously,3
cotswold,3
cottage,3
courtney,3
creek,3
crestwood,3
cuckoo,3
cupboard,3
customer,3
d,3
d1st,3
dagbreek,3
davu,3
difference,3
different,3
dikgomo,3
discovery,3
doing,3
donovan,3
doornpoort,3
dorandia,3
douglas,3
drip,3
driveway,3
dug,3
durban_x000d_,3
durbanville,3
e,3
each,3
eagle,3
ebith,3
eco,3
edward,3
edwin,3
either,3
eliza,3
else,3
emalahleni,3
ensure,3
erasmia,3
erasmuskloof,3
erica,3
everywhere,3
exces,3
excessively,3
extend,3
extremely,3
farm,3
fauna,3
fdt,3
feb,3
ferndale,3
few,3
fiona,3
fir,3
fitted,3
flamingo,3
flooding,3
fourie,3
franco,3
fritz,3
gave,3
general,3
gesyer,3
geyer,3
geyserwise,3
goes,3
goosen,3
granted,3
great,3
green,3
haven,3
helderkruin,3
henry,3
heron,3
hollard,3
hoogte,3
ingrid,3
initial,3
inspect,3
inspection,3
installing,3
invoices,3
invoicing,3
iq,3
isolator,3
itself,3
jessica,3
jnt,3
jo,3
jodi,3
johannes,3
john,3
johnny,3
jolene,3
jordan,3
joshua,3
kamma,3
karee,3
karen,3
kariega,3
kenridge,3
khensani,3
kobus,3
kock,3
koedoe,3
krige,3
labor_x000d_,3
labour_x000d_,3
lameez,3
land,3
laudium,3
leaks,3
leandra,3
lerato,3
lets,3
lewis,3
liezel,3
linda,3
liza,3
lizel,3
loc,3
london,3
lone,3
looks,3
lotus,3
louis,3
lynnwood,3
m,3
magda,3
maharaj,3
mail,3
management,3
mannor,3
margaret,3
marne,3
maryke,3
matter,3
mc,3
menlo,3
mews,3
milner,3
mixers,3
mnus,3
montana,3
month,3
morningside,3
mpumalanga,3
muller,3
my,3
natassja,3
near,3
needed_x000d_,3
newcastle,3
nhlanhla,3
nico,3
nicola,3
nil,3
noises,3
noisy,3
noleen,3
northwold,3
nothing,3
noticed,3
november,3
old,3
olievenhoutbosch,3
olive,3
olympus,3
opening,3
optimus,3
orchards,3
our,3
page,3
palmiet,3
pan,3
park_x000d_,3
parking,3
parkrand,3
parktown,3
parys,3
paying,3
payments,3
peter,3
pictures,3
pienaar,3
pl,3
plot,3
plumbingmain,3
pm,3
posthumus,3
primrose,3
prinsloo,3
producing,3
provided,3
qm,3
quinton,3
r10000,3
r1250,3
r12500,3
r1350,3
r15,3
r1700,3
r20,3
rachelle,3
rain,3
randburg_x000d_,3
register,3
reimburse,3
rene,3
renting,3
replacement_x000d_,3
require,3
reserve,3
response,3
rey,3
riaan,3
ricardo,3
ridgeway,3
riebeeckstad,3
rietfontein,3
rietvalleirand,3
rina,3
rita,3
riverview,3
rlimit,3
roodeplaat,3
royal,3
rport,3
ruan,3
rubycourt,3
run,3
rusted,3
ryan,3
ryneveld,3
ryno,3
sandton_x000d_,3
scaffolding,3
schemes,3
schoeman,3
school,3
selwyn,3
sewerage,3
shallcross,3
shannon,3
sharon,3
shedding,3
shortfall,3
si,3
sifiso,3
sinoville,3
sis,3
situated,3
smuts,3
sonia,3
sparco,3
sphiwe,3
started,3
starwood,3
steynvaard,3
strange,3
sunninghill,3
supervisor,3
surge,3
susan,3
suspected,3
suspecting,3
swart,3
switching,3
table,3
tamarisk,3
tanja,3
tebogo,3
thursday,3
tiaan,3
tial,3
tiesetso,3
tiisetso,3
time,3
touch,3
transferred,3
tshidiso,3
tuesday,3
tuine,3
up_x000d_,3
v,3
valhalla,3
vanderbijlpark,3
vereeniging,3
villiers,3
visser,3
von,3
vorster,3
voula,3
vredenburg,3
vredenburg_x000d_,3
wagner,3
walk,3
warren,3
weekend,3
weeks,3
welkom_x000d_,3
whatsapp,3
years,3
you,3
you_x000d_,3
zero,3
zink,3
zonika,3
001,2
0044_x000d_,2
0081_x000d_,2
0084_x000d_,2
00geyser,2
0100452115,2
011,2
0112524670,2
0114531480,2
0116720232,2
0119128898,2
0119540991,2
0123290364,2
0123474747,2
0127401712,2
0127401734,2
0129430748,2
0129905000,2
0150006130,2
0165,2
0178,2
02,2
0314014879,2
0317678000,2
0413926900,2
0415817170,2
0446950054,2
0530500530,2
0606471416,2
0609826618,2
0609859545,2
062,2
0662415412,2
0662426627,2
0664073378,2
0679434251,2
0699,2
0715666533,2
0716730114,2
0720400089,2
0722031754,2
0723312415,2
0726232941,2
0727961030,2
0729234649,2
0731669721,2
0744504069,2
076,2
0761264242_x000d_,2
0768330016,2
0780221585,2
0784514284,2
0790241144,2
0790417410_x000d_,2
0793690107,2
0795003855,2
0795169612,2
0824930092,2
0824973170_x000d_,2
0826227284,2
0826745289,2
0828207237_x000d_,2
0828215075,2
0828222957,2
0828518606,2
0828834818,2
083,2
0832652589,2
0833029841,2
0833256113,2
0834599448,2
0835099651,2
0837132563,2
0837519610,2
0838624342_x000d_,2
084,2
0844294879,2
0846149400,2
0861077077,2
0873300261,2
0879970200,2
1000_x000d_,2
1005,2
1055,2
10_x000d_,2
10l,2
110,2
112,2
1145,2
120,2
1210,2
124,2
127,2
137,2
14_x000d_,2
1559,2
160,2
1686,2
1709_x000d_,2
178,2
1780,2
1784,2
179,2
1790,2
17_x000d_,2
180,2
1929,2
1a,2
2020,2
2022,2
205,2
2091_x000d_,2
2192,2
221,2
228,2
2300,2
241,2
2500,2
254,2
27102373766,2
27114722190,2
27115913500,2
27116648860,2
27116791538,2
27117635546,2
27117897845,2
27119540798,2
27119540991,2
27120010900,2
27120040998,2
27121104415,2
27123451448,2
27123461025,2
27123486500,2
27126730018,2
27126730064,2
27127401710,2
27127403300,2
27127514682,2
27129414843,2
27145330410,2
27155165090,2
27164237787,2
27212022707,2
27212041802,2
27215577600,2
27280500848,2
27283131118,2
27312010545,2
27312850535,2
27313119000,2
27317635200,2
27349809720,2
27413792109,2
27430505143,2
27448705261,2
27448742104,2
275,2
27518139300,2
27530500535,2
27609722907,2
27664796835,2
27672201349,2
27724800590,2
27726232941,2
27780787700,2
27781527230,2
27783015779,2
27783617892,2
27789121536,2
27794597000,2
27812667709,2
27817393389,2
27825633813,2
27827719686,2
27829386456,2
27833519795,2
27834482113,2
27839384826,2
27842062910,2
27844048701,2
27845027988,2
27845483870,2
27846884997,2
27873300620,2
27877008374,2
27878989261,2
27878989262,2
294,2
2a,2
300l,2
30_x000d_,2
317,2
319,2
31_x000d_,2
3370,2
33rd,2
341,2
344,2
3457,2
35_x000d_,2
364,2
368,2
373,2
383,2
38_x000d_,2
413,2
421,2
42_x000d_,2
430,2
4399_x000d_,2
4440102095,2
450,2
495,2
4970,2
50_x000d_,2
51_x000d_,2
532,2
55years,2
570,2
58,2
6070,2
6074,2
61,2
610,2
6109,2
613,2
619,2
6224,2
6529,2
668,2
67,2
6833,2
68_x000d_,2
695224,2
698174,2
6_x000d_,2
700,2
710,2
7313,2
764,2
7646,2
77,2
807,2
8301,2
85,2
852,2
86,2
8626,2
8f,2
90degree,2
91_x000d_,2
927b,2
94_x000d_,2
97_x000d_,2
98,2
99_x000d_,2
9am,2
_,2
abel,2
about,2
according,2
active,2
actually,2
adel,2
affected,2
aftree,2
agreed,2
aida,2
air,2
alberton_x000d_,2
alet,2
alger,2
allen,2
allens,2
almost,2
alna,2
aloe,2
amanzimtoti,2
amopunt,2
anastasia,2
andrews,2
angela,2
anita,2
annalie,2
annandale,2
annetjie,2
annlin,2
annuska,2
anthony,2
antoinette,2
antony,2
anushke,2
anymore,2
anzel,2
app,2
appointing,2
arena,2
armatas,2
around,2
arranged,2
asap,2
ascot,2
aspeling,2
assisting,2
athens,2
athlone,2
atlasville,2
aware,2
away,2
baillie,2
baobab,2
barnard,2
bartlett,2
based,2
basson,2
bathing,2
bay_x000d_,2
bedfordview,2
bekker,2
bellville,2
ben,2
benefits,2
benguela,2
benny,2
between,2
beverley,2
bheki,2
big,2
blackberry,2
blanc,2
blanked,2
blocking,2
blouberg,2
blown,2
bluff,2
boiling,2
boitumelo,2
bokmakierie,2
bonela,2
bongani,2
bonnie,2
booysen,2
bosch,2
bosmont,2
bouers,2
brandon,2
brandwacht,2
bring,2
broekr,2
bubbles,2
buccleuch,2
busi,2
bust,2
button,2
c1,2
cactus,2
cal,2
caleld,2
callo,2
cambridge,2
cape_x000d_,2
capetown,2
cecelia,2
cell,2
cement,2
certificate,2
change,2
changed,2
chantelle,2
charges,2
christelle,2
christene,2
cib,2
cindy,2
circle,2
circuit,2
citrine,2
city,2
clamped,2
claudette,2
cleeve,2
clerk,2
clermont,2
clien,2
clientis,2
clints,2
clubview,2
coast,2
collapsed,2
collin,2
communicating,2
community,2
company,2
complete,2
completed,2
compliant,2
comprehensive,2
con,2
concelaed,2
connect,2
connecting,2
connector,2
connor,2
conrad,2
control,2
conventional,2
cooper,2
copperleaf,2
corine,2
correctly,2
coucals,2
couldnt,2
covering,2
coverthe,2
crane,2
cravenby,2
crest,2
csure,2
cupboards,2
current,2
da,2
darius,2
dawie,2
days,2
del,2
demi,2
den,2
denise,2
denneboom,2
deon,2
derek,2
derick,2
derrick,2
description,2
desk,2
detail,2
detailed,2
diaz,2
dina,2
directly,2
dirty,2
dispatch,2
ditmars,2
documents,2
dogwood,2
dolphin,2
donavon,2
doncaster,2
doreen,2
dorothy,2
douglasdale,2
draper,2
driptray,2
drove,2
dry,2
dthe,2
dublin,2
duwalcoe,2
duwayne,2
early,2
earth,2
eastern,2
edwards,2
elardus,2
electrocuted,2
elma,2
eloffsdal,2
emergency,2
emerson,2
emery,2
empangeni,2
eng,2
enough,2
eported,2
equestria,2
erika,2
eskom,2
eunice,2
eveleigh,2
everytime,2
exceds,2
exceeding,2
exess,2
failure,2
fairbridge,2
falls,2
fascia,2
fatima,2
fdtconstruction,2
featherbrooke,2
feed,2
feedback,2
feeds,2
felicia,2
ff,2
fichardt,2
fish,2
flange,2
fleurhof,2
flexi,2
flipped,2
flora,2
florence,2
fochville,2
for_x000d_,2
foresthaven,2
fouchepark,2
fountain,2
four,2
fran,2
francios,2
franken,2
frik,2
frits,2
fudge,2
further,2
gabriel,2
galiema,2
game,2
geldenhuys,2
generated,2
geowellafrica,2
geranium,2
gerda,2
gerhard,2
geysr,2
gezina,2
gone,2
grabouw,2
grand,2
grant,2
greenhills,2
greens,2
grips,2
grotius,2
guest,2
gully,2
h,2
halfway,2
hall,2
handle,2
handler,2
happened,2
happy,2
hard,2
harry,2
hassim,2
hazeldean,2
heard,2
heater,2
heating_x000d_,2
heatpump,2
heemstede,2
heidelberg,2
heidi,2
helderrand,2
heldervue,2
heleen,2
hendrik,2
hes,2
heuwelsig,2
hi_x000d_,2
hillary,2
hillcrest,2
holding,2
hole,2
household,2
hulston,2
id,2
ie,2
ignore,2
imbursed,2
inca,2
info,2
inspected,2
instructed,2
into,2
invoiced,2
ipahla,2
ironwood,2
ivor,2
jacobs,2
jacobus,2
jacquline,2
jager,2
janse,2
jansen,2
january,2
jasmine,2
jene,2
jhb,2
jj,2
jochems,2
jody,2
joe,2
johanna,2
johannesburg_x000d_,2
jojo,2
jones,2
jordaan,2
juanitta,2
judor,2
jukskei,2
julie,2
july,2
jupiter,2
justin,2
kabeljou,2
kameelfontein,2
karabo,2
kasteel,2
kei,2
kemp,2
kevin,2
kgomotso,2
khan,2
khutso,2
kibler,2
kingfisher,2
kingsley,2
klein,2
kloof,2
koekemoer,2
kp2038561,2
kp2711546,2
kroff,2
kudube,2
kuruman,2
kwartel,2
l,2
labout,2
laeking,2
langebaan,2
langton,2
late,2
lauren,2
lauriston,2
leaked,2
leandre,2
lefatola,2
leith,2
lemoenkloof,2
lennoxton,2
leonie,2
let,2
leza,2
libertas,2
lieza,2
lifestyle,2
linde,2
lindhaven,2
linked,2
lis,2
listed,2
ln,2
loadshedding,2
lodge,2
loodgieters,2
losing,2
loss,2
lot,2
lucky,2
lukhona,2
lyndhurst,2
lynwood,2
mabopane,2
madai,2
magdalena,2
magengelele,2
magoro,2
mami,2
managed,2
manufacturer,2
marais,2
maraisburg,2
marcel,2
maree,2
mari,2
market,2
marli,2
marlin,2
marula,2
material,2
mathebula,2
maxine,2
mcgreen,2
meer,2
merriespruit,2
michael,2
micheal,2
middle,2
midrand_x000d_,2
midstream,2
millin,2
milnerton,2
mind,2
minimum,2
minsu,2
miss,2
mncube,2
momentum,2
mondeor,2
mont,2
monte,2
monument,2
mopani,2
morgan,2
morkel,2
moroka,2
mother,2
motor,2
mpho,2
mrs_x000d_,2
mulbarton,2
municipality,2
munondo,2
naas,2
naicker,2
naivasha,2
naome,2
natasha,2
ncube,2
necessary,2
neighbours,2
nel,2
nelson,2
nelspruit,2
neralda,2
neville,2
nic,2
nicole,2
night,2
nill,2
nita,2
northcliff,2
northmead,2
northpine,2
nortjie,2
nothando,2
noxolo,2
nthabi,2
nthabiseng,2
oakdene,2
obtain,2
octavia,2
octaviak,2
october,2
oleander,2
olivekantoor,2
olivia,2
olivier,2
olympia,2
onsite,2
oom,2
oord,2
orbiz,2
orchard,2
orp03762,2
ot,2
other_x000d_,2
ottery,2
overflowing_x000d_,2
overflows,2
p387293,2
padfield,2
pageview,2
paradise,2
parklands,2
parkside,2
paros,2
parow,2
patrick,2
patrys,2
paulshof,2
pavey,2
pebble,2
peggy,2
pencilfish,2
perseus,2
petunia,2
phase,2
phindi,2
phoenix_x000d_,2
phoned,2
pillays,2
pine,2
pinetown,2
pip,2
pipe_x000d_,2
piping,2
piwe,2
ple,2
plumbwave,2
polaris,2
portfolio,2
previously,2
pro,2
procom,2
procon,2
projects,2
providers,2
prv_x000d_,2
pulling,2
purposes,2
queenswood,2
quite,2
quoation,2
quoted,2
qwa,2
r10640,2
r10774,2
r11,2
r12000,2
r1205,2
r1219,2
r14000,2
r1459,2
r15000,2
r16000,2
r1750,2
r1780,2
r200,2
r250_x000d_,2
r275,2
r280excess,2
r300,2
r3000,2
r519,2
r560,2
r563,2
r60,2
r690,2
r700,2
r900client,2
r9200,2
r9500,2
rachel,2
rademeyer,2
rae,2
raslouw,2
rasmusrand,2
rattling,2
receipt,2
ref702974,2
reg,2
regulator,2
relating,2
reliable,2
relocated,2
renaldo,2
rental,2
repairers,2
repalcement,2
repiars,2
replacing,2
requests,2
requsted,2
reservoir,2
residential,2
restored,2
returned,2
rge,2
richard,2
richards,2
riebeeck,2
rinette,2
ring,2
riverbush,2
riverlea,2
riviera,2
road_x000d_,2
roberts,2
robertsham,2
robin,2
rochelle,2
rocketmail,2
romeo,2
ronel,2
rooderpoort,2
rorich,2
rosettenville,2
roseville,2
ross,2
rosslyn,2
rpeort,2
ruben,2
rudman,2
rylands,2
saint,2
salerno,2
sally,2
san,2
sands,2
santa,2
savvy,2
scholtz,2
sea,2
securitas,2
sedgefield,2
seipati,2
sending,2
serious,2
sershnee,2
seshego,2
sewer,2
shakas,2
shaun,2
sherwood,2
shirley,2
shocking,2
shocks,2
shower_x000d_,2
showing,2
shows,2
sibongile,2
side,2
simon,2
siphiwe,2
sirshnee,2
sitha,2
skurweberg,2
slowly,2
smal,2
small,2
smell,2
smit,2
soetdoring,2
somerset,2
sonja,2
south_x000d_,2
soutpansberg,2
sparrow,2
speak,2
spoken,2
square,2
staden,2
star,2
starting,2
stating,2
steenkamp,2
stel,2
stella,2
step,2
steyn,2
stninapark,2
stnoordwyk,2
stone,2
storm,2
strand,2
strandlopertjie,2
stweltevredenpark,2
suideroord,2
summerstrand,2
supplied,2
supplier,2
supplies,2
surika,2
surrey,2
syringa,2
tafelberg,2
talitha,2
tambotie,2
tamsin,2
tank,2
tarentaal,2
technician,2
tel,2
temp,2
testing,2
th,2
thanks,2
thermostat_x000d_,2
theunis,2
thing,2
thompson,2
three,2
tina,2
toilet_x000d_,2
toliet,2
tomorrow_x000d_,2
tonie,2
tonnel,2
tony,2
took,2
trademan,2
tradesman_x000d_,2
trading,2
trap,2
tree,2
trevor,2
tries,2
trudie,2
tshego,2
tshuma,2
twice,2
tyger,2
u,2
uit,2
umgeni,2
umhlatuzana,2
unblocked,2
underneath,2
units,2
upto,2
vandykpark,2
verhoef,2
vermaak,2
verulam,2
verulam_x000d_,2
vice,2
villages,2
villas,2
violet,2
vip,2
viridian,2
vosloorus,2
w,2
wait,2
waiting,2
wanted,2
wassapp,2
wassenaar,2
waterfall,2
wavecrest,2
weak,2
welgemoed,2
weltevreden,2
werner,2
wessels,2
westcliff,2
westering,2
western,2
westlake,2
westville,2
weve,2
whipstick,2
who,2
whole,2
why,2
wierda,2
wierdapark,2
wilge,2
wilgers,2
willich,2
willridge,2
wind,2
windsor,2
wingate,2
wiring,2
witbank_x000d_,2
witfield,2
without,2
witpoortjie,2
wize,2
wolseley,2
wood,2
woodmere,2
woodpecker,2
worked,2
workmanship,2
wyk,2
yellow,2
yolandi,2
your,2
z,2
zone,2
zukiswa,2
zwartkop,2
0010,1
002,1
0021,1
00243812690307,1
0034529,1
004,1
0044,1
0046,1
0081,1
0082,1
0085280,1
0085334,1
0085341,1
0086157,1
0086774_x000d_,1
0086865_x000d_,1
0088058,1
0088060,1
0088243_x000d_,1
0088466,1
0089900,1
0089915,1
0089920,1
009,1
0090014,1
0090125,1
0090231,1
0090233,1
0090771,1
0090985,1
0092258,1
0092260_x000d_,1
0092263,1
00am,1
00water,1
0100452006,1
0100452020,1
0100452044,1
0100452089,1
0100452094,1
0100453327,1
0100453404,1
0101430674,1
0102218635,1
0104424803,1
0105345800,1
0105410285,1
0105921996,1
0106009999,1
0107450038,1
0107457724,1
0110255013,1
0112199119,1
0112349805,1
0112786004,1
0113124728,1
0113916554,1
0113918186,1
0114254492,1
0114770340,1
0115913500,1
0116606263,1
0116724436,1
0116734928,1
0116756937,1
0116791583,1
0116808539,1
0117145266_x000d_,1
0117897845,1
0118281686,1
0118943942,1
0119161531,1
0119486142,1
0119710787,1
0120004400,1
0120013142,1
0120018403,1
0121104422,1
0121104423,1
0123311212,1
0123435254,1
0123462857,1
0123463001,1
0123467470,1
0123600040,1
0123612211,1
0124705400,1
0124760222,1
0125485490,1
0126312211,1
0126536206_x000d_,1
0126651241,1
0126651241called,1
0127401714,1
0127401745,1
0127401757,1
0128073639,1
0128701535,1
0128814580,1
0128818068_x000d_,1
0129414843,1
0129425925,1
0129915832,1
0129934533,1
0129988295,1
0129988778,1
0132434291,1
0132435950,1
0153075587,1
0156,1
0156_x000d_,1
0157815195,1
0158,1
0163496907,1
0164,1
0173,1
0180117202,1
0180117204,1
0182,1
0184,1
0184643118,1
0185,1
0186,1
0186_x000d_,1
0187,1
0188,1
0201,1
0208,1
0210232856,1
0211375554,1
0212041803,1
0213123785,1
0216330113,1
0217126686,1
0218510561,1
0218531017,1
0218561527,1
0218701535,1
0218722719,1
0219301100,1
0219871216,1
0219871218,1
0224922122,1
024,1
0246,1
02_x000d_,1
03,1
0310010644,1
0312018782_x000d_,1
0312425100,1
0313055692,1
0313685956,1
0314633694,1
0315397115,1
0315662490,1
0315846652,1
0317658310,1
0318324945,1
0322,1
0325,1
0333422648,1
0349400317,1
0357721619,1
0399761915,1
0399782220,1
0400,1
0415835412,1
043,1
0440503644,1
0448705261,1
0505143,1
0514048014,1
0514480111,1
0518139300,1
0538323615,1
0570500081and,1
0573523823,1
0573572563,1
05natassja,1
0603292171,1
0605220843,1
0605540198,1
0605644516,1
0605704910,1
0605834999,1
0606078017,1
0606115650,1
0606382135,1
0609880518,1
0610288151,1
0610744080,1
0611056609,1
0611120998,1
0614094126,1
0614813836,1
0614967374,1
0615044839,1
0615256688,1
0615642409,1
0617113776,1
0617726717,1
0618409297,1
0620433895,1
0620802130,1
0620808006,1
0621008475,1
0622262125,1
0625825933,1
0626872506,1
063013436,1
0632970428,1
0633937770,1
0634315106,1
0634417523,1
0636003050,1
0636338015,1
0637308273,1
0637419322_x000d_,1
0638240716,1
0639528221,1
064,1
0645226035,1
0646509808,1
0647559820,1
0648724802,1
0649032991,1
0649083215,1
0649600797_x000d_,1
0651813244,1
0652348410,1
0655566371,1
0658225924,1
065849513,1
0658548743,1
0658665424,1
0659411095,1
0659429856,1
0660159930,1
0660688673,1
0661696065,1
0662030006,1
066215131,1
0662157115,1
0662255068,1
0662365315,1
0662372786,1
0662860274,1
0662963146,1
0663062343,1
067,1
0670326903,1
0671249866,1
0671304990,1
0671461103,1
0672201349,1
0672434397,1
0676076751,1
0677989594,1
0681021469,1
0681479210,1
0681946601,1
0682233765,1
0682586511,1
0684212528,1
0684288430,1
0685485019,1
0695938966,1
0698436038,1
06_x000d_,1
0710272433,1
0710713740_x000d_,1
0711448794,1
0711451644,1
0711616298,1
0711877080,1
0712041984,1
0712050922,1
0712725246,1
0712832993,1
0713023972,1
0713132296,1
0713331948,1
0713541211,1
0713609704,1
0713621514,1
0713637528_x000d_,1
0713983646,1
0714336445,1
0714336963,1
0714358375,1
0714474824,1
0714712141,1
0714821716,1
0715691008,1
0715909806,1
0716009721,1
0716039904,1
0716127982,1
0716324212,1
0716808908,1
0716877116,1
0717653698,1
0718137053,1
0718763897,1
0718798644,1
0718834220,1
0719458766,1
0719546582,1
0720279450,1
0720311900,1
0720778693,1
0721333031,1
0721504283,1
0721554080,1
0721669721,1
0721720832,1
0721814578,1
0722154144insurance,1
0722215775,1
0722280529,1
0722401557,1
0722446012,1
0722451556,1
0722455811,1
0722530904,1
0722568978,1
0723002160,1
0723114751,1
0723179541,1
0723258796,1
0723362337,1
0723715313,1
0723973476_x000d_,1
0724194625,1
0724239240,1
0724463064,1
0724517470,1
0724525345,1
0724599055,1
0724618456,1
0724812125,1
0725038510,1
0725141838,1
0725640288,1
0725643417,1
0725820043,1
0725925025,1
0725994828,1
0726022975,1
0726147179,1
0726461322,1
0726506525,1
0726715916,1
0727057306,1
0727104009,1
0727219603,1
0727513350,1
0727555072,1
0727767941,1
0727820987,1
0727973658,1
0728054058,1
0728601084,1
0728629838,1
0728802433,1
0729545375,1
0729601309,1
0730523046,1
0730563325,1
0730594858,1
0730761022,1
0731006998,1
0731096126,1
0731229695,1
0731264679,1
0731332843,1
0731536881,1
0731540012,1
0731573511,1
0731661721,1
0731669721_,1
0731702407,1
0731751663,1
0731853700,1
0731875972,1
0731993969,1
0732071029,1
0732270103,1
0732543637,1
0732646138,1
0732796489,1
0732804031,1
0732877742,1
0732997909,1
0733153109,1
0733178921,1
0733614945,1
0733765065,1
0733790042,1
0734531630,1
0735992760,1
0736366697,1
0736882277,1
0737293399,1
0737461648,1
0739335343,1
0739716301,1
0739803096,1
0739820205,1
0740424772,1
0741485757,1
0741529846,1
0742273458,1
0744541444,1
0745544739,1
0745806240,1
0745898388_x000d_,1
0746705916,1
0747701129,1
0748357875,1
0748477516,1
0748879700maximum,1
0748898505,1
0748915340,1
0749767798,1
0760259199,1
0760547158,1
0760739289,1
0760939356,1
0761192929,1
0761614842,1
0761894233,1
0762230897,1
0762864181,1
0762877333,1
0762907961,1
0763989453,1
0764110464,1
0764220858,1
0764244407,1
0764351927,1
0764433792,1
0764935027,1
0765195117,1
0765362160,1
0765569010,1
0766577625,1
0766811604,1
0766978233,1
0767096804,1
0767650962,1
0767750089,1
0768481749,1
0769810934,1
078,1
0780855309,1
0781983807,1
0782068747,1
0782241907,1
0783543174,1
0783561314,1
0783628282,1
0784139908,1
0784562259,1
0784570855,1
0784590275,1
0784888755,1
0785031540,1
0785309116,1
0785632735,1
0787446894,1
0788023814,1
0788032803,1
0789464416,1
079,1
0790288850,1
0790290858,1
0791600146,1
0791654921,1
0792563624,1
0792735579,1
0793938880,1
0793978619_x000d_,1
0794178494,1
0794597000,1
0794739974,1
0794924555,1
0794938801_x000d_,1
0794956449,1
0794977424,1
0794986963,1
0794989546,1
0795160321,1
0795170383,1
0795324839,1
0795344228,1
0795803084,1
0796202424,1
0796770828,1
0796861912,1
0796972072,1
0797328406,1
0797533289_x000d_,1
0797635214,1
0798206502,1
0798736359,1
0798745560,1
0798747289,1
0798758430,1
0798776556,1
0798802957,1
0798950324,1
0798968556,1
0799070823_x000d_,1
0799210921,1
0799498328,1
07_x000d_,1
0800,1
081,1
0810115325,1
0810414484,1
0810880000,1
0812713548,1
0812824856,1
0813067758,1
0813540952,1
0813935871,1
0814060568,1
0815002967,1
0815116917,1
0815663668,1
0816578887_x000d_,1
0817054815,1
0817139713,1
0817200739,1
0817886560,1
0820500105_x000d_,1
0820537256,1
0822291386,1
0822590012,1
0822658011,1
0822907814,1
0822942377,1
0823010714,1
0823028171,1
0823063554,1
0823238417,1
0823242558,1
0823248605,1
0823254523,1
0823310110_x000d_,1
0823310881,1
0823392295,1
0823435235,1
0823551586,1
0823589420,1
0823666679,1
0823715815,1
0823724484,1
0823725753_x000d_,1
0823750839,1
0823807324,1
0823826589,1
0823951827,1
0823958127,1
0823958127_x000d_,1
0824012107,1
0824069711,1
0824113378,1
0824135852,1
0824172725,1
0824177524,1
0824203008,1
0824278141,1
0824278589,1
0824390880,1
0824414517,1
0824481821,1
0824504690,1
0824520548,1
0824530394,1
0824551882,1
0824584040,1
0824602216,1
0824612566,1
0824622019,1
0824632365,1
0824674208,1
0824713267,1
0824860356,1
0824961213,1
0824973170,1
0824984531,1
0824985312,1
0824990831,1
0824993658,1
0824999246,1
0825242000,1
0825254951,1
0825378280,1
0825478610,1
0825509027,1
0825525269,1
0825544773,1
0825544970,1
0825554771,1
0825577821,1
0825579900,1
0825589362,1
0825626225,1
0825629399,1
0825632368,1
0825641489,1
0825656422,1
0825673143,1
0825687444has,1
0825702262,1
0825703894,1
0825716084,1
0825725045,1
0825730694,1
0825749214,1
0825757136,1
0825781953,1
0825788057,1
0825798670,1
0825811846,1
0825880204,1
0825925541,1
0826001337,1
0826135915,1
0826186983,1
0826267968,1
0826339625,1
0826364696,1
0826427205,1
0826651782,1
0826700987,1
0826842060,1
0826899890,1
0827025708,1
0827036945,1
0827175913,1
0827199193,1
0827361985,1
0827367009,1
0827369535,1
0827373500,1
0827379358,1
0827505201,1
0827660738,1
0827700861,1
0827705764,1
0827706607,1
0827737703,1
0827757152,1
0827813471,1
0827814425,1
0827820746,1
0827823645,1
0827855149,1
0827864121_x000d_,1
0827864675,1
0827866244,1
0827874768,1
0827876457,1
0827897468,1
0828019075,1
0828051934,1
0828055576,1
0828069213,1
0828231332,1
0828235186,1
0828243268,1
0828244484,1
0828250870,1
0828257586,1
0828260180,1
0828265183,1
0828282442,1
0828289252,1
0828291514,1
0828295748,1
0828379044,1
0828398844,1
0828516285,1
0828523066,1
0828528037,1
0828548998,1
08285521078,1
0828565549,1
0828570909,1
0828574444,1
0828577636,1
0828638926,1
0828660331,1
0828727867_x000d_,1
0828732615,1
0828746441,1
0828758022,1
0828761982,1
0828796738,1
0828809009,1
0828884192,1
0828926391,1
0828931526,1
0828950849,1
0828955398,1
0828981412,1
0828989751,1
0829026342,1
0829038251,1
0829053232,1
0829200681,1
0829203580,1
0829232036,1
0829244149,1
0829291166,1
0829320311maximum,1
0829404625,1
0829496167,1
0829504888,1
0829554556,1
0829734407,1
0829980073_x000d_,1
0832005478,1
0832126569,1
0832162623,1
0832286695,1
0832294680,1
0832300256,1
0832316620,1
0832346741,1
0832348894,1
0832353405,1
0832355576,1
0832368232,1
0832409565,1
0832427543,1
0832446866,1
0832512420,1
0832524851,1
0832543684,1
0832560657,1
0832585617,1
0832599318,1
0832601921,1
0832603002,1
0832618998,1
0832675222,1
0832693627,1
0832717446,1
0832741543,1
0832745251,1
0832754248,1
0832761044,1
0832771432,1
0832779830,1
0832794215,1
0832864565,1
0832931102,1
0832975987,1
0833001661,1
0833015794,1
0833044380,1
0833056799,1
0833059928,1
0833080534,1
0833101837,1
0833152071,1
0833213980,1
0833244083,1
0833247117,1
0833257602,1
0833267259,1
08333579553,1
0833392521,1
0833499240,1
0833579553,1
0833640770,1
0833772092,1
0833811891,1
0833830151,1
0833871467,1
0833884673,1
0833885457,1
0834001151,1
0834047681,1
0834085035_x000d_,1
0834149939,1
0834158638,1
0834198344,1
0834203166,1
0834253562,1
0834387707,1
0834420807,1
0834422585,1
0834423184,1
0834470000,1
0834486596,1
0834487719,1
0834489635,1
0834507300,1
0834508045,1
0834531521,1
0834544186,1
0834562823,1
0834603262,1
0834627118,1
0834639997,1
0834683217,1
0834695686,1
0834699771,1
08347034586,1
0834846080,1
0834855112,1
0835086414,1
0835095244,1
0835121340,1
0835151424,1
0835398634,1
0835566926,1
0835577992,1
0835603170,1
0835608620,1
0835628786,1
0835757127,1
0835757867,1
0835786172,1
0835811849,1
0835845979,1
0835966666,1
0835982675,1
0836009838,1
0836255042,1
0836284245,1
0836285377,1
0836287506_x000d_,1
0836297774,1
0836299289,1
0836308472,1
0836311437,1
0836371456,1
0836477778,1
0836500923,1
0836504908,1
0836598470,1
0836649710,1
0836700257,1
0836730722,1
0836753023,1
0836757800,1
0836761930,1
0837003730,1
0837021200,1
0837044438,1
0837088138,1
0837093565,1
0837221999,1
0837242741,1
0837329789,1
0837332930,1
0837363457,1
0837631884,1
0837693625,1
0837752027,1
0837759993,1
0837775168,1
0837784586,1
0837844114,1
083786307client,1
0837883131,1
0837920551,1
0837961304,1
0837977198,1
0837999500,1
0838945153,1
0839569413,1
0839573430,1
0839787325_x000d_,1
0840746446,1
0842001033,1
0842062910,1
0842112064,1
0842115414,1
0842326320,1
0842409888_x000d_,1
0842518003,1
0842732777,1
0842842197,1
0843096600,1
0843681549,1
0844073821,1
0844098703,1
0844319082,1
0844333334,1
0844450509,1
0844563353,1
0844673322,1
0844786504,1
0844900005,1
0845033608,1
0845052219,1
0845154142,1
0845295174,1
0845483870_x000d_,1
0845577531,1
0845651057,1
0845789404,1
0845856908,1
0845858587,1
0845874420_x000d_,1
0845961233,1
0846306667,1
0846508771,1
0846510100,1
0846556256,1
0846646637,1
0846762364,1
0847022629,1
0847130048,1
0847144555,1
0847387829,1
0847460758,1
0847843979to,1
0848094769,1
0848723801,1
0849060515,1
0849668066,1
0849760804,1
0860747247,1
0861,1
0861000335,1
0861101179,1
0861101220,1
0861107873,1
0861111325,1
0861122472,1
0861122472_x000d_,1
0861222252,1
0861222252_x000d_,1
0861666686,1
0861666823,1
0861774823,1
0861843672,1
0861989987,1
0871332470,1
0871493907,1
0871520208,1
0873105454,1
0873509636,1
0873511628,1
0877007758,1
0877592732,1
0878063782,1
0878090603,1
0878988713,1
0878989262,1
0878989272,1
0879403574,1
08h00,1
09h00,1
0client,1
1001,1
100lt,1
1010,1
102,1
1020,1
1021,1
1024,1
1030,1
1032,1
1036,1
1044,1
1044_x000d_,1
105,1
1051,1
1054,1
1061,1
1062,1
107,1
10707,1
1071,1
1072,1
10733219554,1
108,1
1083,1
10h00am,1
11028,1
1107,1
111,1
1114,1
1115,1
1123,1
1125,1
1130,1
114892000,1
11496,1
1157,1
116,1
1176,1
1182,1
1186b,1
11am_x000d_,1
11th,1
1202,1
1208,1
121852,1
122,1
1222,1
122864,1
123,1
1244,1
126790000,1
128825,1
1289,1
129375,1
129428680,1
12a,1
1311,1
132,1
133,1
134,1
135,1
1351,1
136,1
1380,1
1387,1
1390,1
13h00_x000d_,1
13th,1
1400,1
1401,1
140258,1
140487,1
1405,1
1406,1
1407,1
144,1
1441,1
14452,1
1449,1
145,1
1452,1
1459_x000d_,1
147,1
1473,1
148,1
1493,1
149462,1
14jackson,1
14th,1
1501,1
1502,1
150lkwikot,1
150lt,1
152,1
1525,1
1525076,1
153,1
1540,1
1548,1
155,1
1554,1
1556,1
1559_x000d_,1
1569,1
158,1
1598,1
15mm,1
1609,1
1618_x000d_,1
1619_x000d_,1
1621,1
1635,1
164,1
1642,1
1650,1
166,1
167,1
1675,1
1682,1
170,1
1700_x000d_,1
1708,1
171,1
1739,1
1739_x000d_,1
1741,1
1745,1
1746_x000d_,1
1751,1
176,1
1760,1
1767,1
177,1
1775,1
1785,1
1795,1
17b,1
17h00_x000d_,1
1805,1
1811,1
18128,1
182,1
1827_x000d_,1
183,1
1835,1
184,1
1842,1
187,1
18754,1
188,1
189,1
18a,1
191,1
1911,1
192,1
1936,1
1939,1
195,1
1955,1
197,1
198,1
1988,1
19_x000d_,1
19th,1
1_x000d_,1
1b,1
1c,1
1h,1
1hout,1
1huor,1
1s,1
1sr,1
1x,1
2007_x000d_,1
200lt,1
202,1
2022_x000d_,1
2023_x000d_,1
20258041,1
20269168,1
20287707_x000d_,1
2030_x000d_,1
204,1
2055_x000d_,1
2057,1
206,1
2086,1
2091,1
2092,1
209a,1
20l,1
210,1
2115,1
2118,1
212,1
213,1
215,1
2155_x000d_,1
216,1
2169,1
2185,1
2190,1
2191,1
2194,1
2194_x000d_,1
2198,1
21_x000d_,1
21st,1
220,1
221413,1
222,1
2235,1
225,1
2271,1
229,1
2299,1
229b,1
22mm,1
2306,1
2324,1
233kyalami,1
2343,1
2357,1
236,1
237,1
2372,1
238,1
2397,1
23rd,1
242,1
2421,1
245,1
2452,1
24th,1
2515,1
253,1
256,1
2564,1
260,1
2610,1
2614,1
264a,1
265,1
2674,1
268,1
2699,1
26a,1
26km,1
26ste,1
270,1
2702,1
27100060472,1
27100100503,1
27100105024,1
27100207617,1
27100453434,1
27100546559,1
27101003165,1
27103500409,1
27104400198,1
27104936439,1
27105949000,1
27105951125,1
27108232588,1
27108801803,1
27109001119,1
27110686600,1
27112374614,1
27113260010,1
27113396539,1
27113565340,1
27114761016,1
27115684858,1
27116752426,1
27116757303,1
27116922900,1
27117034602,1
27117046553,1
27117227612,1
27117638698,1
27117646220,1
27117878672,1
27117920069,1
27117934646,1
27117941177,1
27118141495,1
27118448624,1
27118946505,1
27119180000,1
27119759001,1
27120351698,1
27121104420broker,1
27121104440,1
27123053084,1
27123058344,1
27123321140,1
27123420843,1
27123422205_x000d_,1
27123435254,1
27123460449,1
27123470346,1
27124711002,1
27124727061,1
27125432643,1
27125432772_x000d_,1
27126549057,1
27126602749,1
27126651241,1
27126673352,1
27126730107,1
27127401700,1
27127401712,1
27127401714,1
27127401734,1
27127401756,1
27127403300_x000d_,1
27127514683,1
27128033268,1
27128093370,1
27129409400,1
27129414839,1
27129428675,1
27129430676,1
27129441250,1
27129970295,1
27132434291,1
27132826705,1
27136562636,1
27136562888,1
27138801115,1
27152911772,1
27152970725,1
27155165090_x000d_,1
27155903060,1
27161004120,1
27161006045,1
27180117202,1
27180117204,1
27184685581,1
27214190440,1
27215527504,1
27215540002,1
27215920122,1
27216375890,1
27218458073,1
27218553952,1
27218851223,1
27218868110,1
27219143350,1
27219397208,1
27219763822,1
27219768442,1
27219768701,1
27219811044,1
27219871218,1
27224827902,1
27312076198,1
27312607353,1
27312623488,1
27314010191,1
27314690091,1
27315633456,1
27315716300,1
27315737460,1
274,1
27413606777,1
27413748522,1
27413963300,1
27414072578,1
27415811861,1
27417761053,1
27430505148,1
27443825150,1
27448734512,1
27510112690,1
27514300422,1
27514300783,1
27514444906,1
27514478565,1
27533130061,1
27538323615,1
27539270525,1
27568171166,1
27573541096,1
27573552670,1
27586230614,1
27604343827,1
27604823411,1
27605355830,1
27605402698,1
27605876287,1
27606269625,1
27607646105,1
27609888023,1
27614414635,1
27614433822,1
27614627262,1
27615818689,1
27617533575,1
27620630640,1
27620906224,1
27621445026,1
27622969742,1
27626474258,1
27628276047,1
27633414664,1
27634829452,1
27638240716,1
27645182153,1
27648705018,1
27652734436,1
27655846962,1
27658980875,1
27662374112,1
27662902821,1
27662963002,1
27670258507,1
27670789038,1
27671213930,1
27674236894,1
27679766933,1
27680003241,1
27682777145,1
27699245527,1
27712923252,1
27713111627,1
27713818593,1
27714673397,1
27714752557,1
27714839312,1
27714915558,1
27714943758,1
27715355598,1
27715563846,1
27716026856,1
27718891078,1
27718897521,1
27718927272,1
27721237965,1
27721729438,1
27721973357,1
27722140511,1
27722663713,1
27722671021,1
27723219000,1
27723223752,1
27723981247_x000d_,1
27724107904_x000d_,1
27724447121,1
27724473713,1
27725708654,1
27726017727,1
27726033387,1
27726100550,1
27727132829,1
27727188730,1
27727464286,1
27727820091,1
27727998714,1
27728775534,1
27731564869,1
27732740330,1
27737511175,1
27738070204,1
27738620721,1
27738976775,1
27741461367,1
27741929128,1
27742668157,1
27742950680_x000d_,1
27743539089,1
27743830617,1
27745590985_x000d_,1
27748578807,1
27748868154,1
27760412606,1
27761469079,1
27761751965,1
27762304372,1
27762715793,1
27762757299,1
27763309191molebatsi_x000d_,1
27763666656,1
27763847448,1
27765484922,1
27767746479,1
27768590922,1
27768591081,1
27769225005,1
27769334810,1
27780044273,1
27781018951,1
27781568279,1
27783975458,1
27784514284,1
27784556894,1
27786929073,1
27788019371,1
27788032803,1
27791500200,1
27792252011,1
27792417041,1
27794926072,1
27794972858,1
27794985972,1
27795002522,1
27795138874,1
27795169612,1
27796946354,1
27796955171,1
27796972072,1
27797524772,1
27797731785,1
27798080237,1
27798397444,1
27798754286,1
27798772603,1
27798950822,1
27799439019,1
27812320178,1
27812389088,1
27812769608,1
27813540598,1
27813547366,1
27813699550,1
27814142744,1
27814152499,1
27814203373,1
27815842783,1
27815842783geyser,1
27817407043,1
27817971892,1
27820740617,1
27820742593,1
27822105635,1
27822117980,1
27822265114,1
27822267481,1
27822619164,1
27822909299,1
27823092635_x000d_,1
27823219962,1
27823225751,1
27823243673,1
27823439369,1
27823462224,1
27823536027,1
27823579399_x000d_,1
27823776294,1
27823789134,1
27823871656,1
27824113378,1
27824118938,1
27824139390,1
27824143222,1
27824158015,1
27824168008,1
27824260582,1
27824292020,1
27824381999,1
27824411737,1
27824425948,1
27824438844,1
27824481075,1
27824504690,1
27824515240,1
27824529131,1
27824573925,1
27824608962,1
27824610681,1
27824619236,1
27824636976,1
27824643184,1
27824650751,1
27824653533,1
27824659673,1
27824670429,1
27824670770,1
27824670770_x000d_,1
27824671651,1
27824732629,1
27824842070,1
27824866866,1
27824923313,1
27824935477,1
27824963216,1
27824975435,1
27824982313,1
27825234455,1
27825335771,1
27825510234,1
27825517743,1
27825566072,1
27825591223,1
27825597238,1
27825619905,1
27825634485,1
27825656333,1
27825656746,1
27825687420,1
27825688825,1
27825693685,1
27825726034,1
27825743568,1
27825750182,1
27825755800,1
27825797546,1
27825869297,1
27825919532,1
27826018664,1
27826045398,1
27826060285,1
27826168330,1
27826382179,1
27826537369,1
27826568822,1
27826629144,1
27826795518,1
27826841011,1
27826842060,1
27826877223,1
27826886190,1
27826904547_x000d_,1
27826935005,1
27827021361,1
27827038220,1
27827240787_x000d_,1
27827427472,1
27827450708,1
27827660738,1
27827712150,1
27827719908,1
27827791304,1
27827807692,1
27827808583,1
27827812651,1
27827815796,1
27827823275,1
27827854872,1
27827860199,1
27827875583,1
27827960493,1
27828019075,1
27828050139,1
27828067752,1
27828191682,1
27828193632,1
27828210198,1
27828287355,1
27828360845,1
27828395834,1
27828501621,1
27828502509,1
27828523277,1
27828539995,1
27828542601,1
27828549411,1
27828590360,1
27828667520,1
27828729101,1
27828746441,1
27828749132,1
27828787422,1
27828804219,1
27828874508,1
27828887001,1
27828910418,1
27828950412,1
27828971732,1
27828998822_x000d_,1
27829208646,1
27829285574,1
27829288289if,1
27829292913,1
27829298372,1
27829414492,1
27829415426,1
27829766258,1
27832226709,1
27832229669,1
27832286695,1
27832299765,1
27832304851,1
27832359084,1
27832550062,1
27832588697,1
27832596391,1
27832603002,1
27832622592,1
27832717810,1
27832732794,1
27832734750,1
27832794562,1
27832800940,1
27832877606,1
27832881994,1
27832899825,1
27832972313,1
27832979381,1
27832990311,1
27833102495,1
27833257602,1
27833259070,1
27833488977,1
27833576504,1
27833755621,1
27833756872,1
27833761951,1
27833766662,1
27833800707,1
27833825403,1
27833912445,1
27833959773,1
27834005202,1
27834050904,1
27834085765,1
27834155794,1
27834199038,1
27834243856,1
27834404179,1
27834443231,1
27834466122,1
27834492890,1
27834502824,1
27834507300,1
27834545864,1
27834570652,1
27834577905,1
27834592718,1
27834599574,1
27834626763,1
27834658706,1
27834689002,1
27834795420,1
27835256635,1
27835555035,1
27835563547,1
27835616435,1
27835704959,1
27835782545_x000d_,1
27835788020,1
27835889441,1
27836097127,1
27836256352,1
27836256571,1
27836262893,1
27836269339,1
27836290214,1
27836320912,1
27836330628,1
27836336890,1
27836400000,1
27836553724,1
27836585430,1
27836612923,1
27836785606,1
27837751525,1
27837827602,1
27837831923,1
27837833987,1
27837861605,1
27837875068,1
27837888254,1
27837912701,1
27837991962,1
27839372470,1
27842079516_x000d_,1
27842501481,1
27844403570,1
27844520531,1
27844523636,1
27844646416,1
27845000845,1
27845023615,1
27845112802,1
27845126987_x000d_,1
27845170183,1
27845251868,1
27845293839,1
27845532006,1
27845688825,1
27845823579,1
27845975509,1
27846026825,1
27846220066,1
27846293431,1
27846622404,1
27847074035,1
27847143919,1
27847221310,1
27847534000,1
27847986507,1
27848074041,1
27848154687,1
27848220022,1
27848515080,1
27848754860,1
27848826552_x000d_,1
27872379638,1
27872891354,1
27873105454,1
27877014786,1
27877014931,1
27877598575,1
27878988087,1
27878989269,1
27st,1
28084,1
280_x000d_,1
281,1
28454,1
285a,1
28_x000d_,1
2906,1
295,1
2956,1
2967,1
2969,1
2999,1
2999_x000d_,1
29_x000d_,1
29th,1
300_x000d_,1
301,1
3042,1
3093,1
30th,1
318,1
3183,1
31st,1
3201_x000d_,1
325,1
3268,1
327,1
32_x000d_,1
32km,1
3325,1
335,1
336,1
338,1
339,1
3416,1
3480,1
3500_x000d_,1
351,1
351a,1
352,1
354,1
35945,1
3602,1
362,1
3625,1
3626,1
3629,1
363,1
3636,1
36594,1
3663,1
369,1
3699,1
36rua,1
370,1
371,1
374k,1
376,1
377,1
3826,1
389,1
38th,1
390,1
393,1
394,1
3958,1
397,1
39_x000d_,1
3_x000d_,1
3days,1
3pm,1
400kpa,1
401,1
402,1
4055,1
4067,1
4080,1
4092,1
4093,1
40kms,1
40minutes,1
4126,1
4206,1
4248,1
426,1
4272,1
433,1
4337,1
4339,1
436,1
439,1
4412,1
4450117405_x000d_,1
448,1
4498,1
44helderblom,1
4508,1
4564,1
462,1
46268_x000d_,1
465,1
46924,1
4705400,1
47_x000d_,1
481,1
484,1
48with,1
492,1
4928,1
496,1
4961,1
499,1
4995,1
4pm,1
502,1
50722315230,1
50760773232,1
508,1
50824963041,1
509,1
50k,1
50lt,1
50s,1
50with,1
510,1
512,1
519,1
521,1
5210,1
5232,1
526,1
527791818812,1
527825080990,1
527828058814,1
529,1
539,1
542,1
5439,1
549,1
5540,1
555,1
559,1
564,1
56_x000d_,1
5730,1
573523823,1
5763,1
583,1
585,1
5880,1
589,1
590,1
5a,1
5pm,1
602,1
6020,1
6020_x000d_,1
603,1
6045,1
6059_x000d_,1
608,1
6105245154084,1
61415180714,1
6146,1
616,1
617,1
622,1
6229_x000d_,1
623,1
62_x000d_,1
630,1
6300_x000d_,1
6330,1
64,1
6405,1
642,1
643,1
644,1
645,1
646,1
647,1
649,1
6503,1
653,1
657,1
66,1
6600,1
6608,1
6645a,1
6663,1
6676285,1
669,1
66a,1
66c,1
670,1
6749,1
6768,1
676884,1
678,1
687393,1
68th,1
690190,1
691020,1
691647,1
699,1
6b,1
6th,1
701796,1
702595,1
703,1
7092,1
709994,1
712,1
7161,1
718,1
719,1
7195_x000d_,1
720,1
720050,1
720427,1
7211,1
7214,1
722,1
722114,1
724,1
728,1
729,1
72and,1
7372,1
7380_x000d_,1
7405_x000d_,1
7409140598083,1
741,1
742,1
7439,1
7441,1
7441_x000d_,1
745,1
7456,1
746,1
7493,1
7500,1
750_x000d_,1
7530,1
7570,1
7575,1
7580,1
7600,1
766,1
769,1
775,1
7766,1
780,1
7800,1
7823958127,1
785,1
7979,1
7_x000d_,1
7pm,1
7th,1
81,1
810,1
818,1
8180,1
819,1
8193,1
81_x000d_,1
820,1
8208,1
8214,1
823371629,1
8257,1
828878377,1
832,1
834,1
8345_x000d_,1
8391,1
83_x000d_,1
84,1
846,1
848b,1
84_x000d_,1
8500,1
85000,1
85_x000d_,1
860,1
8652,1
86_x000d_,1
8825_x000d_,1
886,1
886500,1
887,1
891,1
8_x000d_,1
8a,1
8am,1
8b,1
900_x000d_,1
90825370604,1
90_x000d_,1
911,1
920,1
925,1
928,1
934,1
938,1
93_x000d_,1
9459,1
9480,1
962,1
966,1
9692,1
97,1
9730,1
9877,1
991,1
994,1
9am_x000d_,1
9th,1
a200l,1
a2zadmin,1
a3,1
a420,1
a47,1
a8,1
aan,1
aandblom,1
abdulah,1
abida,1
abilia,1
aburst,1
accepeted,1
accordingly,1
accounbt,1
accounts,1
accout,1
ackermann,1
acknowledgement,1
acocunt,1
acquired,1
ad,1
adam,1
adams,1
adcockvale,1
adddress,1
addres,1
adelaide,1
adelie,1
adhered,1
adhoc,1
adhock,1
administration_x000d_,1
adolphin,1
advanced,1
advice,1
adviced,1
advisedits,1
adviser,1
ae,1
aerial,1
af,1
afrihost,1
afrikaans,1
age,1
agra,1
agreed_x000d_,1
agreement,1
agstelaan,1
aheadexcess,1
ahsley,1
airlie,1
airway,1
akasia_x000d_,1
alamein,1
albatros,1
albatross,1
albatrossa,1
albemarle,1
alberts,1
albertsdal,1
albertspark,1
albertsville,1
aleak,1
aletta,1
alfred,1
alica,1
alicia,1
alkin,1
allan,1
allandale,1
allie,1
allin,1
allison,1
allow,1
allowing,1
almeri,1
almeria,1
almery,1
almond,1
alphen,1
already_x000d_,1
alternate,1
alternatively,1
alton,1
alveda,1
always,1
amandasig,1
amandasig_x000d_,1
amandi,1
amber,1
ambition,1
ambrose,1
amend,1
amended,1
amilia,1
amira,1
amod,1
amon,1
amoount,1
amount_x000d_,1
amounts,1
amps,1
amto,1
anan,1
anastacia,1
anchorage,1
andires,1
andoen,1
ane,1
anele,1
anelin,1
anelise,1
anet,1
anfie,1
angel,1
angelica,1
angelina,1
angeliqueb,1
angle,1
aniki,1
anishka,1
anja,1
annaie,1
annd,1
annelien,1
annelies,1
annelize,1
annie,1
annita,1
anoesjka,1
ans,1
anshon,1
ansie,1
anthy,1
anusha,1
apex,1
apiesdoring,1
apologize,1
apossible,1
appliances,1
appointed_x000d_,1
appreciate,1
appreciated,1
approved,1
april,1
apsey,1
aqckerman,1
ar,1
aragon,1
aral,1
arcata,1
arces,1
archbell,1
areas,1
arend,1
argo,1
arisha,1
arnold,1
aronda,1
arras,1
arunesh,1
asbestos,1
asbminerals,1
ashan,1
ashbir,1
ashbury,1
ashton,1
asiblue,1
asistance,1
asks,1
ass,1
assessing,1
assessments,1
assessor,1
assistances,1
assistanct,1
assistanec,1
assistant,1
assiste,1
assists,1
asssess,1
asstistance,1
assumes,1
aster,1
aswell,1
at56,1
at_x000d_,1
athene,1
atholl,1
atl,1
atlantis,1
attach,1
attached_x000d_,1
attending,1
attention_x000d_,1
atteridgeville,1
audra,1
audrey,1
augusta,1
austin,1
australia,1
authorize,1
avegeduld,1
avehelderkruin,1
avehutten,1
avelotusville,1
aveou,1
avepinelands,1
averandhart,1
averoodekrans,1
avignon,1
avoca,1
awaiting,1
ayanda,1
azalea,1
azm03338_x000d_,1
azm03932,1
azm04515_x000d_,1
b06_x000d_,1
back_x000d_,1
badrick,1
badrick_x000d_,1
bafadi,1
bailey,1
bakgat,1
balanced,1
balcony,1
ballito,1
baltimore,1
bandolierkop,1
bandolierskop,1
bangela,1
bank,1
bankenveld,1
banket,1
banksdrift,1
baobob,1
barand,1
baranti,1
baratang,1
barcelona,1
barend,1
barker,1
barlinka,1
baronto,1
bart,1
basen,1
bashee,1
basins,1
basis,1
bassonia,1
bateleur,1
bathrioom,1
bathrooms,1
bathtubs,1
batlharo,1
bawl,1
bayers,1
bayjeffreys,1
bcp,1
bearer,1
becomes,1
bedelia_x000d_,1
bee,1
beetle,1
beetlestone,1
before,1
behind,1
behrman,1
behrmanntheresa,1
bel,1
belaire,1
believe,1
belladonna,1
bellevue,1
bellutuin,1
bellwater,1
below,1
belthorn,1
bendor,1
bene,1
benita,1
benjamin,1
bennitt,1
benoni_x000d_,1
benson,1
berario,1
bergbron,1
bergduif,1
berghaven,1
bergkruin,1
bergrivier,1
bergvliet,1
berkshire,1
bermuda,1
bernadine,1
besembos,1
bestehj,1
bestermickey,1
bethelsdorp,1
betty,1
beven,1
bezuidenhout,1
bhundoo,1
biana,1
bidoli,1
biggs,1
bijubm78,1
bil,1
bills,1
binu,1
birch,1
birdhurst,1
bit,1
bits,1
blandford,1
blanket,1
bloem,1
bloemstein,1
blom,1
bloukrans,1
blueblossom,1
blvd,1
blyde,1
boards,1
bobbychun,1
bogey,1
bogopane,1
boitshepontseke,1
boksbujrg,1
boksburg_x000d_,1
bombay,1
bonanza,1
bonne,1
boog,1
boord,1
boost,1
booyce,1
borrow,1
bosman,1
bothasig,1
botswalle,1
bottlebrush,1
bottrill,1
boudouris,1
boukort,1
boulavard,1
bowel,1
bowers,1
bowl,1
brackendowns_x000d_,1
brackenfell,1
brackenhurst,1
bradford,1
brakpan_x000d_,1
brakpangauteng,1
brakpangauteng_x000d_,1
brand,1
brandis,1
break,1
breakers_x000d_,1
breaking,1
breaunanda,1
breede,1
breedt,1
brendon,1
brentwood,1
brian,1
bricks,1
bridge,1
bridgefield,1
bridger,1
bridgetown,1
bridgewood,1
brighton,1
brijmohan,1
briker,1
brker,1
broad,1
broadacres,1
broadhest,1
broads,1
broadwood,1
brojker,1
broker_x000d_,1
bromhof,1
bronberrick,1
bronville,1
brooklands,1
brookwood,1
bropker,1
brother,1
brpker,1
brroker,1
bruarfoss,1
bruce,1
bruin,1
bruma,1
brushwood,1
bruyn,1
bryanvaniekerk,1
bryte,1
bryton,1
bt,1
btw,1
bubbling,1
buciko,1
budack,1
budhal,1
buekes,1
buffalo,1
buffels,1
builder,1
buirst,1
bukani,1
bulibukani,1
bulilding,1
bulongwe,1
bultfontein,1
bunn,1
burgerlaan,1
burgundy,1
burgundy_x000d_,1
burlington,1
burn,1
burning,1
burns,1
burs,1
burst_x000d_,1
bursts,1
burt,1
burtst,1
bushbuckridge,1
business,1
busrt,1
bussa,1
buts,1
buttercup,1
butterworth,1
buttery,1
buuren,1
bypassing,1
c2000,1
ca,1
cabinet,1
cables,1
cabling,1
cacius,1
cain,1
caled,1
caledon,1
caley,1
calla,1
called0126654243,1
calleed,1
callled,1
calls,1
calve,1
cambell,1
camelia,1
cameras,1
cancel,1
canyon,1
cap,1
cardiff,1
caren,1
carien,1
carine,1
carla,1
carlow,1
carme,1
carmen,1
carmine,1
carolina,1
caroline,1
carolionemncube99,1
carpets,1
carradus,1
carry,1
carter,1
cartridge,1
casablanca,1
casper,1
casquet,1
casselberry,1
castanheira,1
castellet,1
castle,1
cathrinekulper71,1
caught,1
caulize,1
caused,1
causes,1
cbd,1
cecile,1
ceclia,1
cedar,1
cedarberg,1
cedric,1
ceiling_x000d_,1
celento,1
cellar,1
cellphone0645081305_x000d_,1
central,1
centre,1
centurion0045,1
ceo,1
certain,1
cflient,1
chair,1
chairmaine,1
chairman,1
chane,1
changes,1
charging,1
charl,1
charlene,1
charlene_x000d_,1
charlo,1
chart,1
chat,1
checked,1
chelsea,1
chenese,1
chetty,1
chevonne,1
chianti,1
chicken,1
child,1
chiltern,1
chim,1
chitha,1
chloorkop,1
chlorite,1
chrismin,1
chrisna,1
christa,1
christen,1
christiaan,1
christiaan_x000d_,1
christina,1
christo,1
christoburg,1
christoo,1
chryl,1
church,1
cibc597613,1
cient,1
cillierspark,1
cinnamon,1
ciovered,1
civic,1
civils,1
ckp2300007,1
ckp2400677,1
ckp2426863,1
ckp2452308,1
ckp2452581,1
ckp2518728,1
ckp2738910,1
cl847414,1
cl850553,1
cl852710,1
cl854157,1
cl855845,1
claasen,1
claassens,1
claiming,1
claire,1
clairette,1
clamp,1
clamping,1
clare,1
claremont,1
clarity,1
claude,1
claudene,1
clay,1
clc531_x000d_,1
cleaned,1
cleaner,1
clearance,1
clearview,1
clearwater,1
cleimnst,1
cleints,1
clement,1
cliemnt,1
clientcalled,1
clits,1
cliwent,1
clkient,1
cll,1
clled,1
cloete,1
clogged,1
close_x000d_,1
closer,1
clubmarinesa,1
cnr,1
coatbridge,1
coats,1
cobbleset,1
cobisa,1
cobra,1
colbyn,1
coleman,1
collapse,1
coller,1
collieries,1
collogue,1
colnbrook,1
columbia,1
comanche,1
comback,1
combrinck,1
comet,1
company_x000d_,1
compare,1
complained,1
complains,1
complaints,1
completely,1
compliance,1
compressor,1
conceale4d,1
concelead,1
concerned,1
concrete,1
conditions,1
conducted,1
conifer,1
coning,1
connaught,1
connects,1
conserbe,1
conservatory,1
consider,1
consideration,1
consultant,1
consumption,1
contactable,1
contacts,1
controller,1
convert,1
converter,1
conville,1
cor,1
corlette,1
cornelis,1
cornell,1
corporation,1
corportate,1
correct,1
corrielog,1
corris,1
corroded,1
costing,1
cotton,1
council,1
course,1
cout,1
coved,1
covent,1
coveresd,1
coverlimit,1
coveted,1
covwews,1
cr2000,1
cracked,1
cradock,1
craig,1
crammer,1
craven,1
crawford,1
crayfish,1
crayzee,1
cresent,1
cresframesby,1
creslanga,1
cressy,1
crest_x000d_,1
cresta,1
crestal,1
crick,1
crimson,1
crisis,1
cristo,1
crossmoor,1
croydon,1
cruz,1
crystal,1
csi,1
cuckoos,1
culemborg,1
culross,1
cumberland,1
customer_x000d_,1
cut,1
cxa,1
cybersmart,1
cyclinder,1
cyclops,1
cypress,1
cyrildene,1
dacruz,1
dain,1
dainfern,1
dakota,1
dal,1
dalder,1
dalview,1
dalwai,1
damoense,1
damons,1
dana,1
dane,1
daniels_x000d_,1
dannhauser,1
dante,1
daphne,1
darlenes,1
darling,1
darling_x000d_,1
darlington,1
davaram,1
davico,1
davide,1
dawad,1
dawn,1
daya,1
dazrie,1
deadre,1
dealership,1
dearest,1
debri,1
december,1
decided,1
decline,1
dectection,1
deduct,1
deducted,1
deepak,1
deepdene,1
degrees,1
dela,1
delange,1
delay,1
delivered,1
delkort,1
delmas_x000d_,1
delores,1
deodar,1
deonette,1
deonettematt,1
deposit,1
desiree,1
desmond,1
destimate,1
details_x000d_,1
detction,1
detect,1
determine,1
devendra,1
deventer,1
devilliers,1
devland,1
devon,1
deysel,1
dhe,1
dial,1
diana,1
diane,1
didjob,1
dikobo,1
dimakatso,1
dinesh,1
dinwiddie,1
direct,1
directors,1
disa,1
discontinued,1
dishwater,1
dispenser,1
dispute,1
district,1
diverter,1
dls,1
document,1
doen,1
dol,1
dombeya,1
don,1
donavan,1
donropty,1
doorenpoort,1
dorling,1
dorlyn,1
dornel,1
dorothy_x000d_,1
dorp,1
dorthey,1
dos,1
dose,1
downlight,1
drai,1
drain_x000d_,1
drainclient,1
drainis,1
drakensberg,1
driefontein,1
drifontein,1
drin,1
drinkwater,1
driving,1
dromedaris,1
drop,1
drparktown,1
dthat,1
dthere,1
dtshayingca,1
dulcie,1
duncan,1
dunn,1
duplessis,1
duppper_x000d_,1
durbankwazulu,1
durbanviile,1
durbanvillewestern,1
during,1
dushel,1
duvenage,1
dylanb,1
e4,1
eagles,1
eater,1
eating,1
ebath,1
edenvalegauteng_x000d_,1
edge,1
edgemead,1
edith,1
edorado,1
education,1
edwille,1
eedenglen,1
eenheid,1
eersterust,1
effective,1
effingham,1
eienaar_x000d_,1
ek,1
el,1
elaine,1
elak,1
elamrie,1
eland,1
elandra,1
elardos,1
elbie,1
eldorado,1
eldoraign,1
eldoraigne_x000d_,1
eldoreighn,1
electricians,1
electricicty,1
electricy,1
element_x000d_,1
elephant,1
elgin,1
eliana,1
eliane,1
elisma,1
elize,1
ella,1
elland,1
elle,1
ellen,1
elmapark,1
eloffsdal_x000d_,1
els,1
elspark,1
elzanne,1
em2,1
emailaddress,1
emailed,1
emails,1
emailsvalderr8,1
embalenhle,1
embalenhlesouth,1
eme,1
emisha,1
emngeni,1
employee,1
end,1
ended,1
enfield,1
engela,1
engelbrecht_x000d_,1
engelin,1
enid,1
enought,1
enter,1
entire,1
entry,1
erasmus,1
erasmusrand,1
erf,1
ermelo_x000d_,1
erraihd,1
erriah,1
erskine,1
esb_x000d_,1
escombe,1
escort,1
esme,1
esme_x000d_,1
esmerald,1
esmeralda,1
esmerelda,1
especially,1
ess,1
est_x000d_,1
established,1
estatae,1
estatemanger1,1
etc,1
etosha,1
eunicephusoane60,1
euros,1
evaluation,1
evan,1
evans,1
evelyn,1
ever,1
everest,1
eversdaal,1
eversdal,1
every,1
eveytime,1
ex4,1
exactly,1
exc,1
excedd,1
excepted,1
excepts,1
excessif,1
excesswater,1
excluded,1
excludes,1
excss,1
execess,1
exgratia,1
existing,1
expensive,1
explanation,1
extensive,1
extensively,1
external,1
extreme,1
eybers,1
ezintandi,1
f18,1
f2,1
f6,1
facility,1
fadila,1
fagran,1
fairchild,1
fairland,1
faizel,1
fall,1
fallen,1
famtima,1
fanie,1
far,1
farms,1
farnham,1
farrar,1
fast,1
fat,1
faults,1
faultya,1
faure,1
fautly,1
fauty,1
fawell,1
fc,1
fears,1
featherbush,1
feel,1
feels,1
feleng,1
fell,1
felleng,1
felling,1
female,1
fence,1
fergus,1
fetch,1
fever,1
ficksburg,1
ficus,1
filing,1
filled,1
fills,1
filtration,1
financial,1
finch,1
finds,1
finley,1
finsbury,1
fionaq,1
fire,1
firebird,1
firs,1
fisher,1
fittings,1
flamink,1
flat_x000d_,1
flatlet,1
flats,1
fleet,1
fletcher,1
fleur,1
flight,1
floors,1
florah,1
florianvilleplease,1
flufftail,1
flushed,1
flushes,1
flyfishing,1
fogi,1
follows,1
fontein,1
force,1
fordyce,1
forel,1
forgot,1
fort,1
fortune,1
forwarded,1
fotini,1
fouche,1
fouire,1
fourteens,1
fowes,1
fpor,1
frail,1
frances,1
francious,1
francis,1
frank,1
frankel,1
fransch,1
fransie,1
fraser,1
freel,1
fridge,1
frikkie,1
frompsg,1
front,1
fs0913_x000d_,1
fsp,1
fualty,1
fuji,1
function,1
functioning,1
furthermore,1
futhingubane,1
fw,1
fynnlands,1
g2,1
g4,1
gables,1
gaffley,1
galeshewe,1
galeshewe_x000d_,1
gallo,1
galloway,1
galvanize,1
ganesh,1
gap,1
garanzer,1
gardener,1
gardens_x000d_,1
gardner,1
garrick,1
gary,1
gasket_x000d_,1
gates,1
gatesville,1
gaub,1
gauge,1
gauteng_x000d_,1
gavrof,1
gayatri,1
geduld,1
geelhout,1
geelvink,1
gemsbok,1
gen017,1
georgerennie,1
geowell,1
geraldine,1
gerber,1
germany,1
germiston_x000d_,1
gerritvanvuuren,1
gesternte,1
geyeser,1
geysedr,1
geyserr,1
geyserts,1
ggoby,1
ghersevich,1
gibson,1
gidela,1
gift,1
gilfillan,1
gillian,1
gina,1
giraffe,1
gironde,1
given,1
gives,1
glass,1
glencairn,1
glenmore,1
glenwood,1
glinis,1
global,1
glodina,1
gloudina,1
glover,1
gobeni_x000d_,1
goby,1
goodstuff,1
gordon,1
gordons,1
goshawk,1
gostuff,1
gouws,1
gov,1
govind,1
govuma,1
goya,1
gp,1
graaf,1
graanendal,1
grace,1
gracia,1
granny,1
granules,1
granville,1
graskop,1
grason,1
grassy,1
greenacres,1
greenhaven,1
greff,1
grens,1
grey,1
griselda,1
grmdbn,1
groblersdale,1
groenvallei,1
grottobay,1
grunter,1
gufstv,1
gugu,1
gushig,1
gustav,1
gutter,1
gutters,1
guys,1
gys,1
gyser,1
h123,1
h552814,1
h584631,1
haarlem,1
haddon,1
hadfield,1
hadison,1
hai,1
hail,1
hake,1
hallow,1
hamman,1
hamming,1
hampton,1
handled,1
hanging,1
hans,1
harcus,1
harewood,1
harkoo_x000d_,1
harltley,1
harrier,1
hartbeespoort_x000d_,1
hartswater_x000d_,1
harveston,1
hastings,1
hatfield,1
hattingh_x000d_,1
hawaii,1
hay,1
haydi,1
hayla,1
hayler,1
hc372249,1
hcseleke,1
heading,1
headpart,1
hear,1
heath,1
heather,1
heatherdale,1
heatherview,1
heattech,1
heavily,1
heavy,1
heerden,1
heidedal,1
heidelburg,1
heimwee,1
heinrich,1
held,1
helderblom,1
helderwyk,1
heldzinger,1
helikon,1
hell,1
helped,1
helps,1
helvellyn,1
hendriksz,1
hennopspark,1
henrietta,1
henry_x000d_,1
hercus,1
here,1
herein,1
herewith,1
herself,1
hertzog,1
hibberdene,1
hibernian,1
hibiscus,1
hien,1
highland,1
highlands,1
highlighted,1
highly,1
highveld,1
hillside,1
hilltop,1
hilton,1
himself,1
hiranund,1
hit,1
hlohi,1
hloni,1
hmd,1
ho,1
hobday,1
hoek,1
hoewes,1
hofet,1
hoff,1
hofmeyer,1
holdings,1
holiday,1
hollis,1
holtz,1
home_x000d_,1
honeydew_x000d_,1
honingklip,1
hoofweg,1
hoogenhout,1
hooting,1
hope,1
hopkirk,1
hor,1
horak,1
horn,1
horne,1
hornsoord,1
horrible,1
horribly,1
hors,1
horse,1
hose,1
hotmail,1
houe,1
hougaard,1
houghton,1
housing,1
hout,1
hrmha0033804_x000d_,1
hrmp0017467,1
hs,1
huge,1
humansdorp,1
huor,1
husband,1
hutton,1
hybridrisk,1
ibnis,1
icloud,1
idas,1
ifburst,1
ignite,1
igniting,1
iif,1
iin,1
ilemaurice,1
ilkey,1
ilonka,1
ilse,1
im,1
imburse,1
imburseded,1
impacted,1
in0871353253,1
included,1
inclusing,1
inclusive,1
incorporated,1
incorrect,1
incredibly,1
india,1
indirect,1
industrial,1
infornt,1
infront,1
ing,1
inga,1
ingrad,1
inline,1
inn,1
inning,1
inside,1
install,1
installedm,1
instead,1
instruction,1
insure_x000d_,1
int,1
interim,1
inus,1
investigate,1
investments,1
investor,1
invl,1
invoice_x000d_,1
invoie,1
involved,1
invooice,1
iof,1
iplot,1
ireland,1
irrigation,1
irvine,1
isabel_x000d_,1
isandovale,1
isazi,1
isipingo,1
ismail,1
isobel,1
isolater,1
isolation,1
issue_x000d_,1
issued,1
ist,1
italeni,1
ith,1
iuf,1
iul57178,1
iul60152,1
ivan,1
ive,1
j,1
jabusib,1
jackey,1
jackson,1
jackson_x000d_,1
jacky,1
jacque,1
jacquelin,1
jacqueline,1
jacquelinekitjk,1
jacques,1
jacqui,1
jacquie,1
jafta,1
jakarandastraat,1
jake,1
jamestown,1
jamie,1
jane,1
jannie,1
jarard,1
jarmaine,1
jarman,1
jarred,1
jauk,1
jci,1
jd,1
jeanette,1
jearika,1
jeaven,1
jeb,1
jeetesh,1
jellene,1
jellico,1
jennifer,1
jensen,1
jen,1
jermain,1
jewel,1
jim,1
jinitajvv,1
jithoo,1
jl,1
jleb,1
joan,1
jobcard,1
joburg,1
jochem,1
jock,1
jodie,1
joeline,1
joey,1
johane,1
johann,1
johanngouws13,1
johan,1
joni_x000d_,1
jonjenwright1,1
josh,1
joubert_x000d_,1
joy,1
joyzel,1
jp,1
jr,1
jrclaims,1
jubilee,1
judd,1
judith,1
jugdeo,1
julian,1
juliette,1
julius,1
junette,1
justice,1
jwb,1
kabega,1
kadirr,1
kalika,1
kalsiet,1
kameeldoring,1
kammanassie,1
kanana_x000d_,1
kaneelbas,1
kannabos,1
kannor,1
kanonkop,1
karamanolis,1
kareekraal,1
karenpark,1
karic,1
kariithi,1
karl,1
karla,1
karlene,1
karmi,1
kastaiing,1
katembo,1
kathrinekulper71,1
kathu,1
kathy,1
katjiepiering,1
katlego,1
katonko,1
kaveer,1
kaveerm,1
kay,1
kaybee,1
kayla,1
kaylee,1
kayleigh,1
kb,1
keagan,1
kealeboga,1
keerombeegs,1
keiffer,1
kempdorp,1
kenosi,1
kensington,1
kent,1
kenya,1
kenzie,1
kestellhof,1
key,1
keypad,1
kganye,1
kgole,1
kgostatso,1
kgotso,1
khaya,1
khosa,1
khumalo,1
khumalo_x000d_,1
kidds,1
kiewiet,1
kikuyu,1
kilda,1
kilner,1
kilowen,1
kimbili,1
kingprice_x000d_,1
kings,1
kipa,1
kirkby,1
kirkness,1
kirkney,1
kirschner,1
kirshner,1
kirstenhof,1
kitchen280,1
kittiwake,1
kitui,1
klaasen,1
kleinfontein,1
kleinmond,1
klien,1
klinkenberg,1
klopper,1
klopperpark,1
kn,1
knows,1
koegelenberg,1
koetsier,1
kolbe,1
kolokotela_x000d_,1
komanie,1
komati,1
kommando,1
koorsboom,1
koraan,1
koringsny,1
korsten,1
kosmosdal,1
kotze,1
kp2771348,1
kp2771348_x000d_,1
kp2814416_x000d_,1
kpa,1
kpc000065,1
kraalbessie,1
kraalnaboom,1
kriel,1
krisant,1
krista,1
kritanya,1
kritzinger_x000d_,1
krogh,1
krokodil,1
kronendal,1
krugers,1
krugersdorp_x000d_,1
krugersdorpgauteng_x000d_,1
kto,1
kuhle,1
kuils,1
kulani,1
kullper,1
kumani,1
kunene,1
kwartsiet,1
kwikstert,1
kyle,1
kznpremier,1
laaking,1
label,1
laboar,1
laboir,1
labuschagne,1
lachanna,1
lachanna_x000d_,1
lachmanskj,1
lady,1
lagoona,1
lakefield,1
lakefield_x000d_,1
lakes,1
lakes_x000d_,1
lala,1
lamees,1
lamiez,1
lamontana,1
lana,1
lancegrove,1
landi,1
lang,1
langebaan_x000d_,1
langeberg,1
langebrink,1
langeveldt,1
lanseria,1
large,1
larisha,1
larissa,1
lark,1
larmenier,1
larry,1
laser,1
lategan,1
law,1
lawson,1
leadwood,1
leakfinder,1
leakig,1
leakinf,1
leaking_x000d_,1
leakswe,1
leana,1
leander,1
leanna,1
leaticia,1
leave,1
lebese,1
lechedi,1
led,1
leenhof,1
leerdam,1
leeuwenhof,1
leever,1
leibnitz,1
leimela,1
leirel,1
lemon,1
lemonwood,1
len,1
lena,1
lenette,1
lennox,1
leodale,1
leong,1
leonor,1
leonore,1
lepogo,1
lerol,1
lesego,1
lesiba,1
letherigton,1
levyvale,1
lezel,1
liability,1
lianca,1
libradene,1
licensed,1
lieve,1
light,1
lights,1
liimit,1
likely,1
lily,1
limanie,1
limiit,1
limimt,1
limit_x000d_,1
limiy,1
limnit,1
limpopo,1
lindani,1
lindequesdrift,1
lindiwe,1
lines,1
lingelihle,1
linit,1
linksfield,1
linmeyer,1
linschoten,1
lint,1
lisa,1
listie,1
lita,1
liu,1
living,1
livingston,1
lizanne,1
lizzy,1
lj,1
lmackey1983,1
loading,1
local,1
loddon,1
lofts,1
loggenberg,1
lombardy,1
longbeach,1
longbechvillage,1
longboat,1
longdon,1
longmore,1
looking,1
loosing,1
loreen,1
lorna,1
lorraine,1
lorrainealger,1
lossing,1
lothair,1
lout,1
louw,1
louwville,1
lovemore,1
lowkey,1
luan,1
lucas,1
lucy,1
ludeke,1
luedke,1
luhan,1
luke,1
lukewarm,1
lum,1
lundt,1
lunenberg,1
lungagane,1
luois,1
luwayne,1
lydenburg_x000d_,1
lydia,1
lyle,1
lynn,1
lyttleton,1
maak,1
mabaso,1
mabuza,1
macauly,1
machethe,1
machhinery,1
machinery,1
mackenjee_x000d_,1
macpheen,1
madeleen,1
madeline,1
madga,1
madison,1
madrid,1
magano,1
magary,1
magdel,1
magreens,1
magson,1
mahai,1
mahikeng,1
mahindra,1
mahomed,1
maimane,1
maintenance066,1
maison,1
major,1
makadania,1
makes,1
makhosandile,1
makhubo,1
makou,1
malandi,1
malanshof,1
malawana,1
malehlohonolo,1
maley,1
malfunction,1
malibongwe,1
malmesbury,1
malta,1
malvern,1
mamelodi,1
mamie,1
mammie,1
mammola,1
mammy,1
mamola,1
man,1
manage,1
mandalore,1
mandla,1
manhattan,1
manhattanestatemanager,1
mankweng,1
manner,1
manni,1
manor_x000d_,1
manufacture,1
manufactures,1
maphanga,1
maple,1
maposa,1
mara,1
marai,1
marcell,1
march,1
marcia,1
mardine,1
margaretmagoro42,1
marian,1
maricel,1
marie_x000d_,1
marieka,1
mariete,1
mariette,1
mariian,1
marika,1
marike,1
marilistraat,1
marina,1
mario,1
mariska,1
marissa,1
marissadev,1
marita,1
maritz,1
marizaan,1
marq,1
marriot,1
mars,1
martietjie,1
martindale,1
martinique,1
martins,1
marx,1
mary,1
maryka,1
maseko,1
mashale,1
mashiloane,1
mashoeu,1
mashuo,1
master,1
matebesi,1
mathapelo,1
mathibela,1
mathibela_x000d_,1
matrose,1
matt,1
matumi,1
mayberry,1
mayors,1
mbali,1
mbombela,1
mbomele_x000d_,1
md,1
mdekazi,1
me,1
me_x000d_,1
meadows,1
meagan,1
meaning,1
mechanisms,1
mechine,1
medowlane,1
meerhof,1
megan,1
mehter,1
meib31205,1
meiering,1
meiring,1
melandi,1
melini,1
melisha,1
melissa_x000d_,1
melissad,1
melkweg,1
melonie,1
melosha,1
meltazwhim,1
mercia,1
meredale,1
merino,1
merit,1
mervin,1
mes,1
mews_x000d_,1
mexican,1
mexine,1
meyersdal,1
meyerville,1
mgrm110013,1
micaela,1
miceal,1
michaels,1
michakea,1
michel,1
michele,1
michelled,1
michellev,1
mickey,1
midlands,1
midrnd_x000d_,1
midros,1
mighty,1
mignoin,1
miguet,1
mike,1
mimosa,1
mimus,1
minim,1
minnebron,1
minute,1
minutes,1
minuts,1
mirell,1
mirrelle,1
mis,1
miska,1
mist,1
mistake,1
misty,1
misunderstood,1
mitchel,1
mitchele,1
miuns,1
mix,1
mj,1
mkhonza,1
mlungisi,1
mmami,1
mmarona,1
mmusi,1
mncadi,1
mnguni,1
mnisi,1
moagi,1
mochoari,1
modderfontein,1
model,1
modelpark,1
modimolle,1
modisane,1
moerdyk,1
mogul,1
mohamed,1
mohammed,1
mojapelo,1
molaotsi,1
molebatsi,1
molefabangwe,1
moletlane,1
molly,1
mom,1
moment,1
mommy,1
mona,1
monalisa,1
monavoni,1
money,1
mongezi,1
monica,1
moningi,1
monroe,1
montagu,1
montague,1
montaguwestern,1
montecello,1
monteith,1
mooikloof,1
moolman_x000d_,1
moon,1
moors,1
mor,1
morakwana_x000d_,1
morapedi,1
morehill,1
morer600,1
morgenroth,1
morning_x000d_,1
morningl,1
moss,1
mossel,1
mosselbank,1
most,1
mostert,1
motloung,1
motors,1
motsatsi,1
mould,1
mountainside,1
mountainview,1
mounted,1
moved,1
moves,1
moving,1
mozart,1
mpe,1
mphake,1
mpofu,1
mpumi,1
mrwata,1
msimango,1
mtati,1
mtd,1
mtombothi,1
muisvoel,1
muizenberg,1
mulberry,1
mulddersdrift,1
mullinder,1
municipal,1
munyoro,1
murrell,1
mussel,1
mvs,1
mweb,1
myngenoegen,1
myoli,1
n,1
nadia,1
nagar,1
naheem,1
nahoon,1
naido,1
naiker,1
nails,1
namesylvia,1
namhla,1
nanci,1
nandipha,1
narayansami,1
nasty,1
natal,1
nathbi,1
national,1
nats,1
natsha,1
nature,1
naude,1
ncha,1
ndendwa,1
ndoda,1
nearest,1
nebdbank,1
nedbank,1
needsurgent,1
negligence,1
neigbours,1
nek,1
nek_x000d_,1
nellie,1
nelsonia,1
nembudani,1
nemisa,1
nentabos,1
neonie,1
neptune,1
nerine,1
nest_x000d_,1
nevada,1
never,1
newclaims,1
newly,1
newmark,1
newmarket,1
newswiftbroker3claims,1
newton,1
ngubane_x000d_,1
ngwenya,1
nhot,1
nicarl,1
nick,1
nicks,1
nicky,1
nicol,1
nicolam,1
nicolia,1
nicolson,1
nicolus,1
nigel,1
nikkie,1
nil_x000d_,1
nina,1
nit,1
nivana,1
nkosana,1
nkosi,1
nkosilaw,1
nkuna,1
nleclobuthelezi,1
no657,1
nobody,1
noddy,1
noeleen,1
noko_x000d_,1
nombuso,1
nomi,1
nomkhosi,1
nomsa,1
nond,1
nondumiso,1
nonkululeko,1
noon,1
noordhang,1
norite,1
norkem,1
norman,1
northgrove,1
nortier,1
norwich,1
nosipho,1
nostyn,1
notes,1
notgrove,1
notheating,1
notice,1
nsb,1
nthembu,1
ntombifuthi,1
ntsakisi,1
ntseke,1
ntsiki,1
nu,1
numbers,1
nupen,1
nymbeka,1
oak,1
oakdale,1
oakfields,1
oberholzer,1
observatory,1
occured,1
odendaalsrus,1
odendaalsrus_x000d_,1
odendal,1
odin,1
offered,1
offices,1
ofg,1
ogunbanjo_x000d_,1
ohna,1
okkerneut,1
olien,1
olifantsfontein,1
olifantsvlei,1
oliver,1
olta,1
olyf,1
omkar,1
onekby,1
ongoing,1
only_x000d_,1
ont,1
oosthuizen,1
opinion,1
oppenheimer,1
option,1
opver,1
oresta,1
orgidee,1
oribi,1
oriel,1
original,1
ormonde,1
oscarine,1
osman,1
othongathi,1
oudtshoorn,1
ouit,1
oulet,1
outage,1
outgoing,1
outlook,1
outstanding,1
outsurance,1
oval,1
ove,1
oveflowing,1
overed,1
owner_,1
p,1
p4,1
packed,1
paddington,1
paddy,1
pafurie,1
paiyn,1
pala,1
paluos,1
panagiotidis,1
panic_x000d_,1
panoama,1
papaikonomou,1
parameters,1
paramount,1
parkel,1
parker,1
parkhurst,1
parowwestern,1
parshotam,1
parson,1
parsons,1
partially,1
partner,1
past,1
patel,1
patsy,1
paula,1
paulize,1
paulse,1
pavement,1
payment_x000d_,1
pe,1
pearson,1
peclaims,1
peddie,1
peeble,1
peer,1
pellissier,1
peloshnee,1
penchartz,1
pending,1
pennsylvania,1
pensioner,1
people,1
percent,1
perfect,1
perfomed,1
peri,1
perigadu,1
perivale,1
perle,1
perliza,1
perluza,1
persisiting,1
personal,1
petersfield,1
petrel,1
petronella,1
petrus,1
pex,1
phahlareported,1
phambaniso,1
pheasant,1
phillip,1
phinda,1
phiwa,1
phone0837815339_x000d_,1
phophi,1
photo,1
phukubge,1
phumeza,1
phumla,1
picked,1
pictures_x000d_,1
pidiachi,1
pie,1
piedmont,1
pier,1
piering,1
pierneef,1
pietermaritzburg_x000d_,1
pilansberg,1
pilay,1
pinelands,1
pinotage,1
placed,1
plane,1
plastic,1
plate,1
plein,1
plessis,1
plessisstraat_x000d_,1
plettenberg,1
pllenasia,1
plrandpark,1
plugs,1
plumber_x000d_,1
plumbig,1
plumbing_x000d_,1
plumblead,1
plumbng,1
plumboy,1
plumbrite,1
plumbver,1
plumbwise,1
plus,1
pmb_x000d_,1
pmoodley85,1
pniel,1
pofader,1
point,1
poly,1
pomona,1
pongola,1
pool_x000d_,1
poort,1
poppy,1
posibble,1
possibel,1
possisble,1
posssible,1
potgieter,1
pouring,1
prado,1
prairie,1
preez,1
preferred,1
preggy,1
pressure_x000d_,1
prestbury,1
presumably,1
pretoriius,1
pretro,1
prev,1
pride,1
primary,1
primorus,1
prince,1
printech,1
prior,1
prishanta,1
private,1
privately,1
proadnin,1
proced,1
processed,1
processing,1
procor,1
product,1
products,1
professionals,1
professor,1
progress,1
propert,1
properties,1
provence,1
provider_x000d_,1
prviously,1
psg_x000d_,1
psgpayments,1
psgplus02192284,1
psgprem02110656,1
psgprem02110736,1
psgprem02232225,1
psgprem02303011,1
psgprem02409005,1
psgpriv3021423,1
psgpriv3021521,1
psgpriv3086483,1
psgsp3012662,1
psgsp3014533,1
psgsp3014812,1
psgsp3015888,1
psgsp3015989,1
psgsp3016377,1
psgtc0001516489,1
psgtc0002406530,1
psgtp0000348141,1
psgtp0001358226,1
psgtp0001584103,1
psgtp0002257553,1
psrat,1
pta,1
pule,1
pule13,1
pumbling,1
pumeza,1
pump177,1
pupose,1
purchase,1
purchased,1
purpose,1
pushed,1
pushpa,1
putter,1
putty,1
putzier,1
pvr,1
pytilia,1
q,1
qortmane,1
qoute_x000d_,1
quail,1
quartz,1
queens,1
queensburgh_x000d_,1
queenstown,1
queenstown_x000d_,1
quentin,1
questa,1
quick,1
quickly,1
quiet,1
quintet,1
quintin,1
quoet,1
quorn,1
quotew,1
r1000for,1
r1024,1
r105,1
r1062,1
r1076,1
r1100,1
r11000,1
r11261,1
r1127,1
r1136,1
r1145,1
r1152,1
r120,1
r1200,1
r1281,1
r13000,1
r1340,1
r1351,1
r1368,1
r1369,1
r140,1
r1410,1
r14191,1
r1425,1
r1430,1
r1458,1
r148,1
r1480,1
r1495,1
r1560,1
r1586,1
r1612,1
r1635,1
r1650,1
r1680,1
r1690,1
r1692,1
r1697,1
r1698,1
r1715,1
r1720_x000d_,1
r1755,1
r1760,1
r1817,1
r1826,1
r1876,1
r1900,1
r1925,1
r1936,1
r1955,1
r19700,1
r1978,1
r1980,1
r1987,1
r2000with,1
r24,1
r2802,1
r280if,1
r2850,1
r301,1
r305,1
r425,1
r440,1
r440_x000d_,1
r470,1
r550,1
r584,1
r6000,1
r607,1
r610,1
r628,1
r650,1
r671,1
r699,1
r715,1
r720,1
r747,1
r803,1
r808,1
r815,1
r835,1
r846,1
r8500_x000d_,1
r873,1
r877,1
r880,1
r90,1
r905,1
r996,1
radia,1
radingoana,1
radmeyer,1
railoun,1
rained,1
raining,1
rains,1
rajakumar,1
ralda,1
raman,1
ramla,1
rampersad,1
rana,1
ranburg,1
randfontein_x000d_,1
randhart,1
rangeview,1
rankdoring,1
rant,1
rantsoe,1
rapiti,1
rate,1
rates,1
rattle,1
ravani,1
raven,1
ravenswood,1
raydein,1
raymond,1
rayton,1
razia,1
rderica,1
rdjim,1
rdladysmith,1
rdmalabar,1
rdnorthdale,1
rdunitas,1
rdvorna,1
re01899,1
re03528_x000d_,1
re05079,1
re07711,1
re08677_x000d_,1
re11860,1
re16276,1
reached,1
reason,1
reatyassist,1
rebecca,1
receive,1
receiving,1
record,1
reddhi,1
reddy,1
redo,1
redone,1
reducer,1
redwood,1
reebok,1
reeds,1
reef,1
reenboog,1
ref614902,1
ref656276,1
ref669365,1
ref673604,1
ref675407,1
ref676606,1
ref677086,1
ref682420,1
ref688440,1
ref688454,1
ref689486claims,1
ref691256,1
ref691647,1
ref692240,1
ref693453,1
ref694391,1
ref695307,1
ref696716,1
ref697517_x000d_,1
ref698174,1
ref698523,1
ref701141,1
ref703009,1
ref703786,1
ref703833,1
ref704814,1
ref704844,1
ref705661,1
ref707112,1
ref707284,1
ref707991,1
ref708334,1
ref709639,1
ref710157,1
ref712088,1
ref713574,1
ref715046,1
ref_x000d_,1
referred,1
refilwe,1
reflect,1
refunded,1
refunding,1
regard,1
regardsmirelle,1
registerred,1
reguested,1
rehette,1
reimbues,1
reimburesment,1
reimbursements,1
reinders,1
reita,1
reitumetsi,1
reitzpark,1
relates,1
release,1
released,1
releases,1
relocate,1
relocating,1
relocation,1
remember,1
remining,1
remove,1
renen,1
reorted,1
repairabel,1
repairer,1
repalce,1
repalced,1
reparable,1
repayment,1
replacr,1
replamcent,1
repoprt,1
repory,1
representative_x000d_,1
reprogramme,1
request_x000d_,1
rerpair,1
res,1
resend,1
resolved,1
rest,1
restagate,1
retirement,1
retro,1
returning,1
reuired,1
rexhins,1
rf600,1
rhib,1
rhoda,1
rhodesfield,1
ria,1
riana,1
riandi,1
richardson,1
richwood,1
rick,1
rico,1
riebeeckpark,1
riebeeckstrand,1
riebeek,1
riet,1
rietbok,1
rietta,1
rietvlei,1
rijnen,1
rikus,1
riky,1
riley,1
ripped,1
risiville,1
risksense,1
rivers,1
riverside,1
riyadh,1
rjbrokers,1
robeiland,1
robertmagoro75,1
robertson,1
robindale,1
robinson,1
robyn,1
rockemail,1
rocky,1
rod,1
roe,1
roets,1
rohann,1
rom,1
ronald,1
rondebosch,1
ronnel,1
rood,1
roodepan,1
roodeplaat_x000d_,1
roodeport,1
rooibekkie,1
rooisand,1
rookaya,1
rooms,1
roos,1
roots,1
rory_x000d_,1
roscommon,1
rose,1
rosemary,1
rosso,1
rothdene,1
rotunno,1
roundhay,1
route,1
routed,1
rowhill,1
rozaan,1
rozanne,1
rps,1
rquested,1
rubenstein,1
rubida,1
ruby,1
rudi,1
rudy,1
ruiterhof,1
rulanda,1
rumbling,1
runs,1
rural,1
rushilano,1
rust,1
rustenburg_x000d_,1
rusthof,1
rusty,1
ruthmun,1
rynfield,1
saaiplaas,1
sabbar,1
sable,1
sabrina,1
safari,1
sage,1
sagging,1
sakhile,1
saki,1
sales,1
sam,1
samantha,1
samkele,1
sand,1
sandalwood,1
sanderson,1
sandlewood,1
sandly,1
sandringham,1
sandstone,1
sanlam,1
sannette,1
sanrika,1
santam_x000d_,1
sapcor,1
sarie,1
sartini,1
sarugaser,1
sashnia,1
sastu,1
sastua,1
savutu,1
saxonsea,1
scared,1
scheepers,1
schneider,1
schonland,1
schutte,1
schyff,1
scott,1
scratch,1
screws,1
se,1
sealing,1
seam,1
sebanonyi,1
seboana,1
sebone,1
sebulele,1
seconds,1
secunda,1
seder,1
seeping,1
sees,1
sehularo,1
selaelo,1
selaelose,1
sele,1
selector,1
seller,1
sems,1
senator,1
senet,1
sensitive,1
sent_x000d_,1
separate,1
seperately,1
september,1
serfontein,1
sergio,1
serial,1
services,1
seryal,1
sesing,1
settlement,1
settlers,1
sge,1
sgs,1
sh,1
shabangu,1
shaft,1
shaike,1
shakes,1
shaking,1
shandre,1
shanic,1
shanice,1
shannonpillay1234,1
shantel,1
share,1
sharelle,1
sharonlea,1
sharron,1
sheldon,1
sherbourne,1
sheri,1
sherise,1
sheron,1
shes,1
shetheel,1
shimi,1
shingwedzi,1
shooting,1
shop,1
shortage,1
shortcircuit,1
shortened,1
shortterminsurance,1
shoshanguve,1
shoukd,1
show,1
shuraziah,1
shutdown,1
sibusiso,1
sick,1
sicwebu,1
sid,1
sidney,1
sif,1
sigamoney,1
sigrid,1
sihle,1
sikhululekile,1
silhouette_x000d_,1
silky,1
silva,1
silverbrook,1
silverlakes,1
silverstone,1
silverton,1
simbithi,1
simone,1
singel,1
singleton,1
singo,1
sinxo,1
sipho,1
siqwepu,1
sir,1
sis_x000d_,1
siskaal,1
sit,1
sitari,1
sivan,1
siwinile,1
siyaya,1
ski,1
skinsurance,1
skukuza,1
sky,1
slab,1
sliding,1
slope,1
slot,1
smelling,1
smith2023,1
smitk,1
smoothly,1
sodium,1
soerieka,1
solarreport,1
solly,1
sonnental,1
sonnet,1
sophy,1
sophy_x000d_,1
sorieta,1
sorry,1
southgate,1
sovereigns_x000d_,1
spanjola,1
spares,1
sparko,1
sparks,1
specializes,1
specializing,1
specifically,1
specify,1
spekaing,1
spent,1
spewing,1
spilling,1
spitskop,1
spke,1
splash,1
splashed,1
splashing,1
sporrie,1
spot,1
spraying,1
spring,1
springfontein,1
springs_x000d_,1
stadocuments,1
stain,1
standerton,1
stanley,1
stared,1
starling,1
state,1
stcape,1
steady,1
steelpoort,1
steenbras,1
stefan,1
stefanie,1
steinvardloodgieters,1
stellenberg,1
stellenryk,1
steon,1
steprightproperties,1
stevan,1
stevens,1
stewart,1
steyvaard,1
stfalcon,1
stfeatherbrooke,1
stgrootfontein,1
sthe_x000d_,1
sthembile,1
stick,1
stilfontein,1
stilosmart,1
stilosmart_x000d_,1
stirling,1
stmeadow,1
stmooinooi,1
stmoreleta,1
stnoordheuwel,1
stnorkem,1
stokroos,1
stoltz,1
stones,1
stopper,1
stork,1
story,1
stott,1
strathavon,1
stravenswood,1
stre,1
streamside,1
streetwonderboom,1
strijdom,1
strubens,1
strubenvale,1
strubenvale_x000d_,1
struis,1
struisbaai,1
strutt,1
strydom,1
stsecunda,1
sttrichardt,1
stuff,1
stumke,1
stvanderbijlpark,1
stwelgelegen,1
stwinchester,1
style,1
subramoney,1
subsudiary,1
sue,1
suelynn,1
suffolk,1
suggedted,1
suggested,1
suikerbos,1
suikerbossie,1
suit,1
suite,1
sumaya,1
summer,1
summerbrooke,1
summersand,1
sun,1
sunair,1
sunday,1
sunette,1
sunford,1
sunnyridge,1
sunset,1
suppling,1
support,1
supposed,1
surikasimpson3,1
surike,1
sus,1
susann,1
susstoltz1906,1
suurbessie,1
suzanne,1
suzette,1
svengadesu,1
swanage,1
swanepoel,1
swanepool,1
swawel,1
swimming,1
swirage,1
switches,1
swithen,1
symphony,1
t280,1
t600,1
t73,1
tae,1
tail,1
tait,1
talana,1
talhita,1
talima,1
talita,1
tambotiweg,1
tami,1
tamlin,1
tammy,1
tampered,1
tams,1
tamzin,1
tan,1
tanat,1
tania,1
tap_x000d_,1
tape,1
tapes,1
tara,1
taren,1
tarlton,1
tarry,1
tasbet,1
tatenda,1
taybank,1
tayler,1
tbat,1
tdennesig,1
team_x000d_,1
teams,1
tedstone,1
telani,1
telemachus,1
telesto,1
tenbury,1
teran,1
teresa,1
teri,1
terrace,1
terracesouth,1
terrance,1
tersia,1
tessa,1
tested,1
tetra,1
thabang,1
thabong,1
thagadiepelajang,1
thamzi,1
thandeka,1
thandiswa,1
thanks_x000d_,1
thapelo,1
thatch,1
thatchfield,1
thee,1
themba,1
thembi,1
thenge,1
theoverflow,1
there_x000d_,1
theresapark,1
thermosat,1
thermostats,1
theron,1
thesp,1
theuns,1
thilani,1
thina,1
thinning,1
thorn,1
though,1
thr,1
thusopo,1
thuthukani,1
tia,1
tian,1
tiestso,1
tightened,1
tilani,1
tile,1
till,1
tillieshof,1
tilrae,1
timbavati,1
timenow,1
timerin,1
times,1
tinima,1
tjoeka,1
tlhapi,1
tlotlo,1
today_x000d_,1
todays,1
toiletplease,1
tolbos,1
tonder,1
tonight,1
tooilet,1
tools,1
tooo,1
total,1
towers,1
townlands,1
townsend,1
tp370364,1
tp373065,1
tracing,1
trades_x000d_,1
travel,1
traveling,1
travelling,1
treadesman,1
treet,1
trefnant,1
trevis,1
trevon,1
trichardt,1
trichardts,1
tripping_x000d_,1
trips_x000d_,1
trudy,1
trustees,1
trutter,1
truworths,1
try,1
trying,1
trymore,1
tryphina,1
tsakane,1
tshayingca,1
tsiaotso,1
tub_x000d_,1
tuba,1
tubes,1
tucker,1
tuff,1
tuffstuff,1
tuin,1
tulipwood,1
turkoois,1
turns,1
tussen,1
tw,1
twiggy,1
twiggymoagi1,1
twp,1
tye,1
type,1
tyrel,1
tyrell,1
tys,1
uergent,1
uithaler,1
uitkamp,1
uitzicht,1
ululapa,1
umnga,1
umoya,1
umthunzini,1
unblcoking,1
underwriters,1
unfortunately,1
uni,1
unidentified,1
uninstall,1
unit1,1
unit17,1
unit55,1
unit_x000d_,1
unite,1
units_x000d_,1
university,1
unknown,1
unnamed,1
unrelated,1
uop,1
update,1
upon,1
upper,1
upset,1
upwards,1
urban,1
urelated,1
urges,1
urgnet,1
ursula,1
usage,1
usually,1
utilized,1
uusing,1
vaal,1
vaandrager,1
vacant,1
vacy,1
vahed,1
valderrama_x000d_,1
vale,1
valencia,1
validated,1
validity,1
valleria,1
vanderbijlpark_x000d_,1
vanderbjilpark_x000d_,1
vandermerwe,1
vandernest,1
vanessaiaustin,1
vanzyl,1
vasco,1
vaughn,1
vcover,1
vee,1
veerona,1
velen,1
vengadesu,1
venice,1
ver,1
verbret,1
verdi,1
vereeniging_x000d_,1
vergenoeg,1
vermas,1
vermooten,1
verona,1
veronique,1
vertical,1
veruci,1
verwoerdpark,1
viable,1
vibrating,1
victoria,1
victorian,1
victory,1
vie,1
viking,1
viljoen,1
villante,1
ville,1
virasamy,1
vishal,1
visible_x000d_,1
vlakplaats,1
vlei,1
vlok,1
vns,1
vocer,1
voided,1
volks,1
volkschenk,1
volliers,1
voortrekker,1
vorna,1
vos,1
vryburg_x000d_,1
vuuren_x000d_,1
vuurlelie,1
vv,1
w00091281,1
waide,1
waited,1
waive,1
waleed,1
wall_x000d_,1
wallis,1
walmer,1
walnut,1
walser,1
walter,1
wapadrand,1
wapenplyn,1
waratahstraat,1
warbler,1
wardrobe,1
wargrave,1
warmer,1
warning,1
waterbessie,1
waterfront,1
waterkoedoe,1
waterlight,1
watermarks,1
watsapp,1
watter,1
wattle,1
wayhillcrest,1
weaver,1
weavind,1
website,1
wedneday,1
wee,1
weekends,1
welding,1
wellen,1
wellington,1
wellway,1
wemmershoek,1
wentworth,1
wepener,1
wepener_x000d_,1
wes,1
wesel,1
wesley,1
westend,1
westerloor,1
westfield,1
westonaria_x000d_,1
westville_x000d_,1
wet_x000d_,1
whats,1
wheatfield,1
whiteheart,1
wiggill,1
wigwam,1
wil,1
wildebraam,1
wilds,1
wilgeboom,1
wilgeheuwel,1
willan,1
willem,1
willemse,1
william,1
willie,1
willing,1
willowpark,1
willys_x000d_,1
wilma,1
wilmarie,1
winchester,1
window,1
winelands,1
wingerd,1
winnie,1
winston,1
winsure,1
wipstert,1
witkoppie,1
witrugeend,1
witteberg,1
wium,1
wo0090225,1
wo0090679,1
wo0091654,1
wodin,1
wolf,1
wolma,1
wolmarans,1
woodhill,1
woodlawn,1
woodpacker,1
woodpeckers,1
woody,1
worse,1
wr,1
wright,1
ws000011,1
ww,1
wynand,1
wynandskraal,1
wynberg,1
wynruit,1
x2,1
x_x000d_,1
xclient,1
xobo,1
xoli,1
xs,1
yahoo,1
yanko,1
yeo,1
yes,1
yolinda,1
young,1
yourself,1
youve,1
yunderground,1
yusuf,1
zacc,1
zandile,1
zania,1
zanie,1
zato,1
zeezicht,1
zetler,1
zfor,1
zimbari,1
zinc,1
zingisa,1
zinhle,1
zinnia,1
zinniaville,1
zn,1
zondi,1
zonnehoewe,1
zr600,1
zuma,1
zunaid,1
zyad,1
,1
